,timestamp,Office_Marla,hour
0,2014-06-02 00:00:00,10.5,1
1,2014-06-02 01:00:00,8.25,1
2,2014-06-02 02:00:00,9.0,1
3,2014-06-02 03:00:00,9.0,1
4,2014-06-02 04:00:00,9.25,1
5,2014-06-02 05:00:00,10.25,1
6,2014-06-02 06:00:00,9.0,1
7,2014-06-02 07:00:00,12.0,3
8,2014-06-02 08:00:00,10.5,3
9,2014-06-02 09:00:00,9.5,3
10,2014-06-02 10:00:00,9.25,3
11,2014-06-02 11:00:00,10.25,3
12,2014-06-02 12:00:00,10.75,2
13,2014-06-02 13:00:00,13.0,2
14,2014-06-02 14:00:00,12.75,2
15,2014-06-02 15:00:00,12.25,2
16,2014-06-02 16:00:00,14.25,2
17,2014-06-02 17:00:00,13.75,2
18,2014-06-02 18:00:00,11.75,2
19,2014-06-02 19:00:00,11.75,3
20,2014-06-02 20:00:00,12.25,3
21,2014-06-02 21:00:00,13.75,3
22,2014-06-02 22:00:00,12.25,3
23,2014-06-02 23:00:00,11.5,3
24,2014-06-03 00:00:00,11.5,1
25,2014-06-03 01:00:00,11.25,1
26,2014-06-03 02:00:00,13.25,1
27,2014-06-03 03:00:00,12.75,1
28,2014-06-03 04:00:00,12.5,1
29,2014-06-03 05:00:00,12.25,1
30,2014-06-03 06:00:00,12.0,1
31,2014-06-03 07:00:00,12.5,3
32,2014-06-03 08:00:00,13.75,3
33,2014-06-03 09:00:00,12.0,3
34,2014-06-03 10:00:00,13.25,3
35,2014-06-03 11:00:00,12.25,3
36,2014-06-03 12:00:00,12.5,2
37,2014-06-03 13:00:00,12.5,2
38,2014-06-03 14:00:00,14.0,2
39,2014-06-03 15:00:00,13.25,2
40,2014-06-03 16:00:00,12.75,2
41,2014-06-03 17:00:00,12.75,2
42,2014-06-03 18:00:00,12.75,2
43,2014-06-03 19:00:00,12.75,3
44,2014-06-03 20:00:00,14.5,3
45,2014-06-03 21:00:00,14.0,3
46,2014-06-03 22:00:00,12.75,3
47,2014-06-03 23:00:00,8.5,3
48,2014-06-04 00:00:00,8.75,1
49,2014-06-04 01:00:00,8.75,1
50,2014-06-04 02:00:00,8.75,1
51,2014-06-04 03:00:00,10.75,1
52,2014-06-04 04:00:00,9.75,1
53,2014-06-04 05:00:00,9.0,1
54,2014-06-04 06:00:00,10.0,1
55,2014-06-04 07:00:00,10.0,3
56,2014-06-04 08:00:00,9.25,3
57,2014-06-04 09:00:00,9.75,3
58,2014-06-04 10:00:00,10.5,3
59,2014-06-04 11:00:00,8.75,3
60,2014-06-04 12:00:00,9.0,2
61,2014-06-04 13:00:00,10.75,2
62,2014-06-04 14:00:00,11.0,2
63,2014-06-04 15:00:00,11.0,2
64,2014-06-04 16:00:00,14.5,2
65,2014-06-04 17:00:00,12.5,2
66,2014-06-04 18:00:00,11.25,2
67,2014-06-04 19:00:00,11.25,3
68,2014-06-04 20:00:00,10.0,3
69,2014-06-04 21:00:00,9.75,3
70,2014-06-04 22:00:00,9.5,3
71,2014-06-04 23:00:00,8.5,3
72,2014-06-05 00:00:00,9.5,1
73,2014-06-05 01:00:00,10.25,1
74,2014-06-05 02:00:00,10.75,1
75,2014-06-05 03:00:00,9.75,1
76,2014-06-05 04:00:00,10.25,1
77,2014-06-05 05:00:00,9.5,1
78,2014-06-05 06:00:00,8.0,1
79,2014-06-05 07:00:00,9.5,3
80,2014-06-05 08:00:00,9.75,3
81,2014-06-05 09:00:00,8.5,3
82,2014-06-05 10:00:00,9.5,3
83,2014-06-05 11:00:00,9.0,3
84,2014-06-05 12:00:00,7.75,2
85,2014-06-05 13:00:00,8.25,2
86,2014-06-05 14:00:00,10.75,2
87,2014-06-05 15:00:00,12.25,2
88,2014-06-05 16:00:00,11.25,2
89,2014-06-05 17:00:00,11.25,2
90,2014-06-05 18:00:00,12.0,2
91,2014-06-05 19:00:00,12.5,3
92,2014-06-05 20:00:00,15.5,3
93,2014-06-05 21:00:00,11.75,3
94,2014-06-05 22:00:00,10.75,3
95,2014-06-05 23:00:00,10.75,3
96,2014-06-06 00:00:00,9.75,1
97,2014-06-06 01:00:00,9.75,1
98,2014-06-06 02:00:00,12.0,1
99,2014-06-06 03:00:00,11.0,1
100,2014-06-06 04:00:00,11.5,1
101,2014-06-06 05:00:00,10.0,1
102,2014-06-06 06:00:00,9.75,1
103,2014-06-06 07:00:00,9.25,3
104,2014-06-06 08:00:00,10.5,3
105,2014-06-06 09:00:00,8.75,3
106,2014-06-06 10:00:00,9.25,3
107,2014-06-06 11:00:00,8.75,3
108,2014-06-06 12:00:00,8.0,2
109,2014-06-06 13:00:00,10.5,2
110,2014-06-06 14:00:00,10.75,2
111,2014-06-06 15:00:00,10.5,2
112,2014-06-06 16:00:00,12.5,2
113,2014-06-06 17:00:00,13.0,2
114,2014-06-06 18:00:00,13.25,2
115,2014-06-06 19:00:00,12.75,3
116,2014-06-06 20:00:00,13.75,3
117,2014-06-06 21:00:00,11.5,3
118,2014-06-06 22:00:00,12.0,3
119,2014-06-06 23:00:00,11.75,3
120,2014-06-09 00:00:00,10.5,1
121,2014-06-09 01:00:00,9.75,1
122,2014-06-09 02:00:00,10.5,1
123,2014-06-09 03:00:00,11.75,1
124,2014-06-09 04:00:00,11.25,1
125,2014-06-09 05:00:00,11.5,1
126,2014-06-09 06:00:00,9.75,1
127,2014-06-09 07:00:00,9.0,3
128,2014-06-09 08:00:00,8.75,3
129,2014-06-09 09:00:00,10.0,3
130,2014-06-09 10:00:00,10.5,3
131,2014-06-09 11:00:00,9.75,3
132,2014-06-09 12:00:00,8.75,2
133,2014-06-09 13:00:00,9.25,2
134,2014-06-09 14:00:00,10.75,2
135,2014-06-09 15:00:00,11.25,2
136,2014-06-09 16:00:00,12.0,2
137,2014-06-09 17:00:00,13.75,2
138,2014-06-09 18:00:00,13.5,2
139,2014-06-09 19:00:00,10.75,3
140,2014-06-09 20:00:00,10.75,3
141,2014-06-09 21:00:00,10.5,3
142,2014-06-09 22:00:00,12.5,3
143,2014-06-09 23:00:00,11.25,3
144,2014-06-10 00:00:00,12.5,1
145,2014-06-10 01:00:00,11.25,1
146,2014-06-10 02:00:00,11.25,1
147,2014-06-10 03:00:00,13.25,1
148,2014-06-10 04:00:00,12.25,1
149,2014-06-10 05:00:00,12.0,1
150,2014-06-10 06:00:00,11.75,1
151,2014-06-10 07:00:00,12.25,3
152,2014-06-10 08:00:00,11.0,3
153,2014-06-10 09:00:00,11.25,3
154,2014-06-10 10:00:00,13.0,3
155,2014-06-10 11:00:00,9.5,3
156,2014-06-10 12:00:00,9.5,2
157,2014-06-10 13:00:00,11.75,2
158,2014-06-10 14:00:00,11.25,2
159,2014-06-10 15:00:00,12.5,2
160,2014-06-10 16:00:00,14.5,2
161,2014-06-10 17:00:00,14.5,2
162,2014-06-10 18:00:00,13.25,2
163,2014-06-10 19:00:00,15.5,3
164,2014-06-10 20:00:00,13.75,3
165,2014-06-10 21:00:00,12.25,3
166,2014-06-10 22:00:00,11.0,3
167,2014-06-10 23:00:00,10.25,3
168,2014-06-11 00:00:00,9.5,1
169,2014-06-11 01:00:00,11.0,1
170,2014-06-11 02:00:00,9.75,1
171,2014-06-11 03:00:00,10.25,1
172,2014-06-11 04:00:00,11.25,1
173,2014-06-11 05:00:00,9.75,1
174,2014-06-11 06:00:00,9.0,1
175,2014-06-11 07:00:00,11.0,3
176,2014-06-11 08:00:00,9.75,3
177,2014-06-11 09:00:00,10.5,3
178,2014-06-11 10:00:00,11.25,3
179,2014-06-11 11:00:00,9.0,3
180,2014-06-11 12:00:00,8.25,2
181,2014-06-11 13:00:00,10.0,2
182,2014-06-11 14:00:00,9.75,2
183,2014-06-11 15:00:00,10.75,2
184,2014-06-11 16:00:00,12.0,2
185,2014-06-11 17:00:00,11.75,2
186,2014-06-11 18:00:00,11.5,2
187,2014-06-11 19:00:00,11.25,3
188,2014-06-11 20:00:00,11.0,3
189,2014-06-11 21:00:00,11.0,3
190,2014-06-11 22:00:00,9.5,3
191,2014-06-11 23:00:00,11.0,3
192,2014-06-12 00:00:00,9.75,1
193,2014-06-12 01:00:00,10.75,1
194,2014-06-12 02:00:00,9.75,1
195,2014-06-12 03:00:00,10.0,1
196,2014-06-12 04:00:00,10.5,1
197,2014-06-12 05:00:00,9.5,1
198,2014-06-12 06:00:00,11.0,1
199,2014-06-12 07:00:00,11.7,3
200,2014-06-12 08:00:00,7.5,3
201,2014-06-12 09:00:00,6.5,3
202,2014-06-12 10:00:00,7.75,3
203,2014-06-12 11:00:00,6.75,3
204,2014-06-12 12:00:00,7.75,2
205,2014-06-12 13:00:00,8.25,2
206,2014-06-12 14:00:00,10.5,2
207,2014-06-12 15:00:00,11.75,2
208,2014-06-12 16:00:00,12.5,2
209,2014-06-12 17:00:00,12.75,2
210,2014-06-12 18:00:00,11.75,2
211,2014-06-12 19:00:00,12.25,3
212,2014-06-12 20:00:00,12.5,3
213,2014-06-12 21:00:00,12.0,3
214,2014-06-12 22:00:00,11.25,3
215,2014-06-12 23:00:00,12.5,3
216,2014-06-13 00:00:00,11.75,1
217,2014-06-13 01:00:00,11.0,1
218,2014-06-13 02:00:00,12.0,1
219,2014-06-13 03:00:00,11.75,1
220,2014-06-13 04:00:00,12.25,1
221,2014-06-13 05:00:00,11.5,1
222,2014-06-13 06:00:00,10.5,1
223,2014-06-13 07:00:00,11.0,3
224,2014-06-13 08:00:00,10.25,3
225,2014-06-13 09:00:00,11.5,3
226,2014-06-13 10:00:00,10.5,3
227,2014-06-13 11:00:00,10.75,3
228,2014-06-13 12:00:00,10.5,2
229,2014-06-13 13:00:00,10.75,2
230,2014-06-13 14:00:00,11.75,2
231,2014-06-13 15:00:00,12.0,2
232,2014-06-13 16:00:00,12.0,2
233,2014-06-13 17:00:00,11.25,2
234,2014-06-13 18:00:00,12.0,2
235,2014-06-13 19:00:00,11.5,3
236,2014-06-13 20:00:00,11.75,3
237,2014-06-13 21:00:00,12.75,3
238,2014-06-13 22:00:00,13.5,3
239,2014-06-13 23:00:00,12.25,3
240,2014-06-16 00:00:00,10.75,1
241,2014-06-16 01:00:00,9.5,1
242,2014-06-16 02:00:00,10.25,1
243,2014-06-16 03:00:00,10.0,1
244,2014-06-16 04:00:00,10.25,1
245,2014-06-16 05:00:00,10.0,1
246,2014-06-16 06:00:00,9.75,1
247,2014-06-16 07:00:00,9.25,3
248,2014-06-16 08:00:00,8.5,3
249,2014-06-16 09:00:00,9.75,3
250,2014-06-16 10:00:00,8.75,3
251,2014-06-16 11:00:00,8.5,3
252,2014-06-16 12:00:00,8.5,2
253,2014-06-16 13:00:00,9.5,2
254,2014-06-16 14:00:00,10.0,2
255,2014-06-16 15:00:00,10.5,2
256,2014-06-16 16:00:00,11.75,2
257,2014-06-16 17:00:00,13.5,2
258,2014-06-16 18:00:00,11.75,2
259,2014-06-16 19:00:00,10.75,3
260,2014-06-16 20:00:00,11.0,3
261,2014-06-16 21:00:00,11.75,3
262,2014-06-16 22:00:00,10.25,3
263,2014-06-16 23:00:00,10.75,3
264,2014-06-17 00:00:00,11.25,1
265,2014-06-17 01:00:00,10.0,1
266,2014-06-17 02:00:00,10.75,1
267,2014-06-17 03:00:00,11.25,1
268,2014-06-17 04:00:00,10.5,1
269,2014-06-17 05:00:00,9.5,1
270,2014-06-17 06:00:00,9.5,1
271,2014-06-17 07:00:00,9.0,3
272,2014-06-17 08:00:00,9.5,3
273,2014-06-17 09:00:00,10.0,3
274,2014-06-17 10:00:00,8.75,3
275,2014-06-17 11:00:00,9.0,3
276,2014-06-17 12:00:00,8.75,2
277,2014-06-17 13:00:00,9.25,2
278,2014-06-17 14:00:00,9.5,2
279,2014-06-17 15:00:00,10.75,2
280,2014-06-17 16:00:00,12.25,2
281,2014-06-17 17:00:00,13.5,2
282,2014-06-17 18:00:00,11.25,2
283,2014-06-17 19:00:00,10.5,3
284,2014-06-17 20:00:00,10.0,3
285,2014-06-17 21:00:00,10.25,3
286,2014-06-17 22:00:00,10.75,3
287,2014-06-17 23:00:00,10.5,3
288,2014-06-18 00:00:00,10.75,1
289,2014-06-18 01:00:00,10.0,1
290,2014-06-18 02:00:00,10.5,1
291,2014-06-18 03:00:00,11.25,1
292,2014-06-18 04:00:00,10.5,1
293,2014-06-18 05:00:00,9.5,1
294,2014-06-18 06:00:00,9.75,1
295,2014-06-18 07:00:00,9.0,3
296,2014-06-18 08:00:00,8.5,3
297,2014-06-18 09:00:00,9.75,3
298,2014-06-18 10:00:00,8.75,3
299,2014-06-18 11:00:00,9.0,3
300,2014-06-18 12:00:00,8.75,2
301,2014-06-18 13:00:00,9.75,2
302,2014-06-18 14:00:00,10.5,2
303,2014-06-18 15:00:00,10.0,2
304,2014-06-18 16:00:00,10.5,2
305,2014-06-18 17:00:00,12.5,2
306,2014-06-18 18:00:00,12.25,2
307,2014-06-18 19:00:00,10.25,3
308,2014-06-18 20:00:00,11.0,3
309,2014-06-18 21:00:00,10.75,3
310,2014-06-18 22:00:00,10.25,3
311,2014-06-18 23:00:00,10.25,3
312,2014-06-19 00:00:00,9.75,1
313,2014-06-19 01:00:00,10.0,1
314,2014-06-19 02:00:00,10.75,1
315,2014-06-19 03:00:00,11.0,1
316,2014-06-19 04:00:00,10.25,1
317,2014-06-19 05:00:00,9.25,1
318,2014-06-19 06:00:00,10.0,1
319,2014-06-19 07:00:00,9.0,3
320,2014-06-19 08:00:00,9.5,3
321,2014-06-19 09:00:00,10.25,3
322,2014-06-19 10:00:00,9.25,3
323,2014-06-19 11:00:00,9.0,3
324,2014-06-19 12:00:00,9.75,2
325,2014-06-19 13:00:00,9.25,2
326,2014-06-19 14:00:00,12.0,2
327,2014-06-19 15:00:00,15.0,2
328,2014-06-19 16:00:00,15.0,2
329,2014-06-19 17:00:00,16.0,2
330,2014-06-19 18:00:00,16.0,2
331,2014-06-19 19:00:00,15.25,3
332,2014-06-19 20:00:00,12.25,3
333,2014-06-19 21:00:00,11.5,3
334,2014-06-19 22:00:00,10.75,3
335,2014-06-19 23:00:00,11.25,3
336,2014-06-20 00:00:00,10.0,1
337,2014-06-20 01:00:00,10.75,1
338,2014-06-20 02:00:00,11.5,1
339,2014-06-20 03:00:00,11.0,1
340,2014-06-20 04:00:00,11.75,1
341,2014-06-20 05:00:00,10.75,1
342,2014-06-20 06:00:00,10.25,1
343,2014-06-20 07:00:00,10.0,3
344,2014-06-20 08:00:00,9.5,3
345,2014-06-20 09:00:00,10.25,3
346,2014-06-20 10:00:00,9.75,3
347,2014-06-20 11:00:00,10.0,3
348,2014-06-20 12:00:00,9.75,2
349,2014-06-20 13:00:00,10.0,2
350,2014-06-20 14:00:00,11.75,2
351,2014-06-20 15:00:00,14.25,2
352,2014-06-20 16:00:00,14.0,2
353,2014-06-20 17:00:00,15.0,2
354,2014-06-20 18:00:00,13.75,2
355,2014-06-20 19:00:00,14.0,3
356,2014-06-20 20:00:00,14.0,3
357,2014-06-20 21:00:00,15.0,3
358,2014-06-20 22:00:00,11.75,3
359,2014-06-20 23:00:00,10.25,3
360,2014-06-23 00:00:00,10.0,1
361,2014-06-23 01:00:00,10.5,1
362,2014-06-23 02:00:00,9.75,1
363,2014-06-23 03:00:00,10.75,1
364,2014-06-23 04:00:00,10.25,1
365,2014-06-23 05:00:00,9.25,1
366,2014-06-23 06:00:00,10.0,1
367,2014-06-23 07:00:00,8.75,3
368,2014-06-23 08:00:00,9.5,3
369,2014-06-23 09:00:00,9.75,3
370,2014-06-23 10:00:00,8.75,3
371,2014-06-23 11:00:00,8.75,3
372,2014-06-23 12:00:00,8.75,2
373,2014-06-23 13:00:00,8.5,2
374,2014-06-23 14:00:00,10.25,2
375,2014-06-23 15:00:00,10.5,2
376,2014-06-23 16:00:00,10.75,2
377,2014-06-23 17:00:00,10.75,2
378,2014-06-23 18:00:00,11.25,2
379,2014-06-23 19:00:00,11.75,3
380,2014-06-23 20:00:00,11.75,3
381,2014-06-23 21:00:00,11.0,3
382,2014-06-23 22:00:00,10.5,3
383,2014-06-23 23:00:00,11.0,3
384,2014-06-24 00:00:00,10.0,1
385,2014-06-24 01:00:00,10.25,1
386,2014-06-24 02:00:00,10.75,1
387,2014-06-24 03:00:00,11.25,1
388,2014-06-24 04:00:00,11.25,1
389,2014-06-24 05:00:00,9.75,1
390,2014-06-24 06:00:00,10.25,1
391,2014-06-24 07:00:00,10.0,3
392,2014-06-24 08:00:00,9.75,3
393,2014-06-24 09:00:00,9.0,3
394,2014-06-24 10:00:00,9.5,3
395,2014-06-24 11:00:00,8.75,3
396,2014-06-24 12:00:00,9.0,2
397,2014-06-24 13:00:00,9.0,2
398,2014-06-24 14:00:00,10.0,2
399,2014-06-24 15:00:00,10.25,2
400,2014-06-24 16:00:00,9.75,2
401,2014-06-24 17:00:00,14.5,2
402,2014-06-24 18:00:00,13.75,2
403,2014-06-24 19:00:00,14.0,3
404,2014-06-24 20:00:00,14.75,3
405,2014-06-24 21:00:00,14.0,3
406,2014-06-24 22:00:00,12.5,3
407,2014-06-24 23:00:00,11.0,3
408,2014-06-25 00:00:00,11.75,1
409,2014-06-25 01:00:00,11.5,1
410,2014-06-25 02:00:00,11.0,1
411,2014-06-25 03:00:00,12.0,1
412,2014-06-25 04:00:00,11.5,1
413,2014-06-25 05:00:00,11.25,1
414,2014-06-25 06:00:00,11.5,1
415,2014-06-25 07:00:00,10.0,3
416,2014-06-25 08:00:00,10.75,3
417,2014-06-25 09:00:00,9.75,3
418,2014-06-25 10:00:00,10.25,3
419,2014-06-25 11:00:00,9.5,3
420,2014-06-25 12:00:00,9.5,2
421,2014-06-25 13:00:00,11.0,2
422,2014-06-25 14:00:00,10.75,2
423,2014-06-25 15:00:00,10.75,2
424,2014-06-25 16:00:00,11.0,2
425,2014-06-25 17:00:00,11.0,2
426,2014-06-25 18:00:00,11.0,2
427,2014-06-25 19:00:00,10.5,3
428,2014-06-25 20:00:00,11.75,3
429,2014-06-25 21:00:00,11.25,3
430,2014-06-25 22:00:00,11.75,3
431,2014-06-25 23:00:00,11.0,3
432,2014-06-26 00:00:00,11.5,1
433,2014-06-26 01:00:00,11.0,1
434,2014-06-26 02:00:00,11.75,1
435,2014-06-26 03:00:00,11.5,1
436,2014-06-26 04:00:00,11.75,1
437,2014-06-26 05:00:00,10.75,1
438,2014-06-26 06:00:00,11.0,1
439,2014-06-26 07:00:00,10.25,3
440,2014-06-26 08:00:00,10.0,3
441,2014-06-26 09:00:00,10.0,3
442,2014-06-26 10:00:00,10.25,3
443,2014-06-26 11:00:00,9.75,3
444,2014-06-26 12:00:00,9.75,2
445,2014-06-26 13:00:00,10.0,2
446,2014-06-26 14:00:00,11.25,2
447,2014-06-26 15:00:00,11.0,2
448,2014-06-26 16:00:00,11.25,2
449,2014-06-26 17:00:00,11.5,2
450,2014-06-26 18:00:00,12.0,2
451,2014-06-26 19:00:00,11.25,3
452,2014-06-26 20:00:00,11.0,3
453,2014-06-26 21:00:00,11.25,3
454,2014-06-26 22:00:00,11.25,3
455,2014-06-26 23:00:00,11.25,3
456,2014-06-27 00:00:00,10.75,1
457,2014-06-27 01:00:00,9.75,1
458,2014-06-27 02:00:00,10.5,1
459,2014-06-27 03:00:00,11.5,1
460,2014-06-27 04:00:00,10.5,1
461,2014-06-27 05:00:00,11.75,1
462,2014-06-27 06:00:00,9.75,1
463,2014-06-27 07:00:00,9.25,3
464,2014-06-27 08:00:00,10.75,3
465,2014-06-27 09:00:00,9.0,3
466,2014-06-27 10:00:00,9.5,3
467,2014-06-27 11:00:00,9.25,3
468,2014-06-27 12:00:00,9.0,2
469,2014-06-27 13:00:00,9.25,2
470,2014-06-27 14:00:00,10.25,2
471,2014-06-27 15:00:00,10.75,2
472,2014-06-27 16:00:00,10.5,2
473,2014-06-27 17:00:00,10.75,2
474,2014-06-27 18:00:00,10.75,2
475,2014-06-27 19:00:00,10.25,3
476,2014-06-27 20:00:00,10.5,3
477,2014-06-27 21:00:00,10.25,3
478,2014-06-27 22:00:00,10.75,3
479,2014-06-27 23:00:00,10.0,3
480,2014-06-30 00:00:00,10.0,1
481,2014-06-30 01:00:00,9.75,1
482,2014-06-30 02:00:00,10.25,1
483,2014-06-30 03:00:00,10.5,1
484,2014-06-30 04:00:00,10.75,1
485,2014-06-30 05:00:00,9.75,1
486,2014-06-30 06:00:00,9.5,1
487,2014-06-30 07:00:00,9.5,3
488,2014-06-30 08:00:00,9.25,3
489,2014-06-30 09:00:00,8.5,3
490,2014-06-30 10:00:00,9.5,3
491,2014-06-30 11:00:00,8.5,3
492,2014-06-30 12:00:00,8.25,2
493,2014-06-30 13:00:00,9.0,2
494,2014-06-30 14:00:00,10.25,2
495,2014-06-30 15:00:00,13.25,2
496,2014-06-30 16:00:00,12.25,2
497,2014-06-30 17:00:00,12.5,2
498,2014-06-30 18:00:00,14.0,2
499,2014-06-30 19:00:00,13.0,3
500,2014-06-30 20:00:00,11.75,3
501,2014-06-30 21:00:00,9.75,3
502,2014-06-30 22:00:00,11.0,3
503,2014-06-30 23:00:00,10.75,3
504,2014-07-01 00:00:00,10.5,1
505,2014-07-01 01:00:00,10.0,1
506,2014-07-01 02:00:00,11.0,1
507,2014-07-01 03:00:00,10.0,1
508,2014-07-01 04:00:00,10.75,1
509,2014-07-01 05:00:00,9.0,1
510,2014-07-01 06:00:00,10.0,1
511,2014-07-01 07:00:00,9.0,3
512,2014-07-01 08:00:00,9.5,3
513,2014-07-01 09:00:00,10.5,3
514,2014-07-01 10:00:00,9.25,3
515,2014-07-01 11:00:00,8.75,3
516,2014-07-01 12:00:00,9.25,2
517,2014-07-01 13:00:00,9.5,2
518,2014-07-01 14:00:00,10.75,2
519,2014-07-01 15:00:00,13.0,2
520,2014-07-01 16:00:00,14.5,2
521,2014-07-01 17:00:00,14.75,2
522,2014-07-01 18:00:00,12.5,2
523,2014-07-01 19:00:00,10.75,3
524,2014-07-01 20:00:00,11.25,3
525,2014-07-01 21:00:00,10.25,3
526,2014-07-01 22:00:00,11.5,3
527,2014-07-01 23:00:00,11.5,3
528,2014-07-02 00:00:00,12.25,1
529,2014-07-02 01:00:00,11.25,1
530,2014-07-02 02:00:00,11.25,1
531,2014-07-02 03:00:00,10.25,1
532,2014-07-02 04:00:00,11.75,1
533,2014-07-02 05:00:00,10.0,1
534,2014-07-02 06:00:00,10.75,1
535,2014-07-02 07:00:00,10.0,3
536,2014-07-02 08:00:00,10.0,3
537,2014-07-02 09:00:00,9.0,3
538,2014-07-02 10:00:00,9.25,3
539,2014-07-02 11:00:00,9.25,3
540,2014-07-02 12:00:00,9.25,2
541,2014-07-02 13:00:00,9.5,2
542,2014-07-02 14:00:00,11.5,2
543,2014-07-02 15:00:00,12.75,2
544,2014-07-02 16:00:00,11.75,2
545,2014-07-02 17:00:00,10.5,2
546,2014-07-02 18:00:00,10.75,2
547,2014-07-02 19:00:00,10.5,3
548,2014-07-02 20:00:00,11.0,3
549,2014-07-02 21:00:00,10.0,3
550,2014-07-02 22:00:00,11.75,3
551,2014-07-02 23:00:00,10.25,3
552,2014-07-03 00:00:00,9.5,1
553,2014-07-03 01:00:00,10.5,1
554,2014-07-03 02:00:00,10.5,1
555,2014-07-03 03:00:00,11.25,1
556,2014-07-03 04:00:00,11.0,1
557,2014-07-03 05:00:00,9.75,1
558,2014-07-03 06:00:00,10.0,1
559,2014-07-03 07:00:00,9.25,3
560,2014-07-03 08:00:00,9.5,3
561,2014-07-03 09:00:00,9.0,3
562,2014-07-03 10:00:00,9.75,3
563,2014-07-03 11:00:00,9.25,3
564,2014-07-03 12:00:00,8.75,2
565,2014-07-03 13:00:00,9.25,2
566,2014-07-03 14:00:00,10.75,2
567,2014-07-03 15:00:00,13.0,2
568,2014-07-03 16:00:00,11.0,2
569,2014-07-03 17:00:00,10.5,2
570,2014-07-03 18:00:00,11.25,2
571,2014-07-03 19:00:00,10.25,3
572,2014-07-03 20:00:00,11.0,3
573,2014-07-03 21:00:00,10.0,3
574,2014-07-03 22:00:00,10.25,3
575,2014-07-03 23:00:00,11.25,3
576,2014-07-04 00:00:00,11.0,1
577,2014-07-04 01:00:00,10.25,1
578,2014-07-04 02:00:00,10.75,1
579,2014-07-04 03:00:00,10.75,1
580,2014-07-04 04:00:00,11.5,1
581,2014-07-04 05:00:00,10.25,1
582,2014-07-04 06:00:00,10.5,1
583,2014-07-04 07:00:00,9.25,3
584,2014-07-04 08:00:00,10.0,3
585,2014-07-04 09:00:00,8.75,3
586,2014-07-04 10:00:00,10.25,3
587,2014-07-04 11:00:00,10.5,3
588,2014-07-04 12:00:00,9.25,2
589,2014-07-04 13:00:00,9.5,2
590,2014-07-04 14:00:00,10.5,2
591,2014-07-04 15:00:00,11.5,2
592,2014-07-04 16:00:00,10.0,2
593,2014-07-04 17:00:00,11.0,2
594,2014-07-04 18:00:00,10.25,2
595,2014-07-04 19:00:00,10.25,3
596,2014-07-04 20:00:00,10.0,3
597,2014-07-04 21:00:00,10.5,3
598,2014-07-04 22:00:00,10.5,3
599,2014-07-04 23:00:00,10.75,3
600,2014-07-07 00:00:00,10.5,1
601,2014-07-07 01:00:00,9.5,1
602,2014-07-07 02:00:00,10.75,1
603,2014-07-07 03:00:00,9.75,1
604,2014-07-07 04:00:00,11.0,1
605,2014-07-07 05:00:00,10.0,1
606,2014-07-07 06:00:00,9.25,1
607,2014-07-07 07:00:00,9.0,3
608,2014-07-07 08:00:00,9.25,3
609,2014-07-07 09:00:00,8.75,3
610,2014-07-07 10:00:00,9.25,3
611,2014-07-07 11:00:00,9.25,3
612,2014-07-07 12:00:00,8.75,2
613,2014-07-07 13:00:00,9.0,2
614,2014-07-07 14:00:00,10.5,2
615,2014-07-07 15:00:00,10.0,2
616,2014-07-07 16:00:00,10.75,2
617,2014-07-07 17:00:00,10.75,2
618,2014-07-07 18:00:00,11.0,2
619,2014-07-07 19:00:00,13.0,3
620,2014-07-07 20:00:00,13.25,3
621,2014-07-07 21:00:00,12.0,3
622,2014-07-07 22:00:00,11.0,3
623,2014-07-07 23:00:00,10.5,3
624,2014-07-08 00:00:00,9.75,1
625,2014-07-08 01:00:00,10.25,1
626,2014-07-08 02:00:00,10.5,1
627,2014-07-08 03:00:00,10.75,1
628,2014-07-08 04:00:00,9.5,1
629,2014-07-08 05:00:00,10.25,1
630,2014-07-08 06:00:00,9.5,1
631,2014-07-08 07:00:00,9.0,3
632,2014-07-08 08:00:00,9.75,3
633,2014-07-08 09:00:00,8.75,3
634,2014-07-08 10:00:00,9.5,3
635,2014-07-08 11:00:00,8.75,3
636,2014-07-08 12:00:00,9.0,2
637,2014-07-08 13:00:00,11.0,2
638,2014-07-08 14:00:00,12.5,2
639,2014-07-08 15:00:00,12.25,2
640,2014-07-08 16:00:00,12.5,2
641,2014-07-08 17:00:00,12.25,2
642,2014-07-08 18:00:00,12.5,2
643,2014-07-08 19:00:00,12.0,3
644,2014-07-08 20:00:00,11.75,3
645,2014-07-08 21:00:00,10.5,3
646,2014-07-08 22:00:00,11.0,3
647,2014-07-08 23:00:00,11.0,3
648,2014-07-09 00:00:00,10.5,1
649,2014-07-09 01:00:00,10.25,1
650,2014-07-09 02:00:00,11.0,1
651,2014-07-09 03:00:00,10.5,1
652,2014-07-09 04:00:00,11.25,1
653,2014-07-09 05:00:00,10.75,1
654,2014-07-09 06:00:00,10.25,1
655,2014-07-09 07:00:00,10.0,3
656,2014-07-09 08:00:00,9.0,3
657,2014-07-09 09:00:00,10.0,3
658,2014-07-09 10:00:00,9.5,3
659,2014-07-09 11:00:00,9.0,3
660,2014-07-09 12:00:00,9.75,2
661,2014-07-09 13:00:00,9.5,2
662,2014-07-09 14:00:00,10.25,2
663,2014-07-09 15:00:00,10.75,2
664,2014-07-09 16:00:00,10.25,2
665,2014-07-09 17:00:00,14.75,2
666,2014-07-09 18:00:00,15.0,2
667,2014-07-09 19:00:00,14.5,3
668,2014-07-09 20:00:00,14.0,3
669,2014-07-09 21:00:00,14.75,3
670,2014-07-09 22:00:00,11.5,3
671,2014-07-09 23:00:00,10.75,3
672,2014-07-10 00:00:00,10.25,1
673,2014-07-10 01:00:00,10.25,1
674,2014-07-10 02:00:00,10.75,1
675,2014-07-10 03:00:00,11.75,1
676,2014-07-10 04:00:00,12.0,1
677,2014-07-10 05:00:00,8.5,1
678,2014-07-10 06:00:00,6.0,1
679,2014-07-10 07:00:00,7.5,3
680,2014-07-10 08:00:00,8.25,3
681,2014-07-10 09:00:00,8.0,3
682,2014-07-10 10:00:00,8.0,3
683,2014-07-10 11:00:00,8.25,3
684,2014-07-10 12:00:00,8.0,2
685,2014-07-10 13:00:00,8.0,2
686,2014-07-10 14:00:00,13.5,2
687,2014-07-10 15:00:00,13.75,2
688,2014-07-10 16:00:00,13.5,2
689,2014-07-10 17:00:00,14.25,2
690,2014-07-10 18:00:00,14.25,2
691,2014-07-10 19:00:00,13.75,3
692,2014-07-10 20:00:00,15.0,3
693,2014-07-10 21:00:00,11.25,3
694,2014-07-10 22:00:00,10.5,3
695,2014-07-10 23:00:00,11.0,3
696,2014-07-11 00:00:00,10.5,1
697,2014-07-11 01:00:00,10.5,1
698,2014-07-11 02:00:00,10.5,1
699,2014-07-11 03:00:00,11.25,1
700,2014-07-11 04:00:00,11.0,1
701,2014-07-11 05:00:00,10.5,1
702,2014-07-11 06:00:00,9.5,1
703,2014-07-11 07:00:00,9.0,3
704,2014-07-11 08:00:00,10.0,3
705,2014-07-11 09:00:00,9.5,3
706,2014-07-11 10:00:00,10.0,3
707,2014-07-11 11:00:00,9.5,3
708,2014-07-11 12:00:00,9.5,2
709,2014-07-11 13:00:00,9.5,2
710,2014-07-11 14:00:00,11.0,2
711,2014-07-11 15:00:00,14.0,2
712,2014-07-11 16:00:00,13.5,2
713,2014-07-11 17:00:00,14.5,2
714,2014-07-11 18:00:00,13.5,2
715,2014-07-11 19:00:00,14.75,3
716,2014-07-11 20:00:00,14.0,3
717,2014-07-11 21:00:00,13.5,3
718,2014-07-11 22:00:00,12.0,3
719,2014-07-11 23:00:00,10.5,3
720,2014-07-14 00:00:00,10.75,1
721,2014-07-14 01:00:00,10.0,1
722,2014-07-14 02:00:00,11.0,1
723,2014-07-14 03:00:00,10.0,1
724,2014-07-14 04:00:00,10.25,1
725,2014-07-14 05:00:00,10.25,1
726,2014-07-14 06:00:00,9.75,1
727,2014-07-14 07:00:00,9.5,3
728,2014-07-14 08:00:00,9.25,3
729,2014-07-14 09:00:00,9.75,3
730,2014-07-14 10:00:00,9.75,3
731,2014-07-14 11:00:00,9.25,3
732,2014-07-14 12:00:00,9.25,2
733,2014-07-14 13:00:00,9.5,2
734,2014-07-14 14:00:00,13.25,2
735,2014-07-14 15:00:00,13.75,2
736,2014-07-14 16:00:00,14.25,2
737,2014-07-14 17:00:00,14.75,2
738,2014-07-14 18:00:00,14.5,2
739,2014-07-14 19:00:00,14.25,3
740,2014-07-14 20:00:00,14.5,3
741,2014-07-14 21:00:00,15.5,3
742,2014-07-14 22:00:00,10.25,3
743,2014-07-14 23:00:00,10.75,3
744,2014-07-15 00:00:00,10.25,1
745,2014-07-15 01:00:00,10.0,1
746,2014-07-15 02:00:00,10.0,1
747,2014-07-15 03:00:00,10.5,1
748,2014-07-15 04:00:00,10.5,1
749,2014-07-15 05:00:00,9.5,1
750,2014-07-15 06:00:00,9.75,1
751,2014-07-15 07:00:00,9.0,3
752,2014-07-15 08:00:00,9.0,3
753,2014-07-15 09:00:00,9.5,3
754,2014-07-15 10:00:00,9.5,3
755,2014-07-15 11:00:00,8.75,3
756,2014-07-15 12:00:00,9.0,2
757,2014-07-15 13:00:00,10.0,2
758,2014-07-15 14:00:00,10.25,2
759,2014-07-15 15:00:00,12.0,2
760,2014-07-15 16:00:00,13.0,2
761,2014-07-15 17:00:00,13.8,2
762,2014-07-15 18:00:00,13.5,2
763,2014-07-15 19:00:00,13.5,3
764,2014-07-15 20:00:00,11.5,3
765,2014-07-15 21:00:00,11.0,3
766,2014-07-15 22:00:00,10.25,3
767,2014-07-15 23:00:00,11.0,3
768,2014-07-16 00:00:00,10.25,1
769,2014-07-16 01:00:00,10.25,1
770,2014-07-16 02:00:00,10.25,1
771,2014-07-16 03:00:00,9.75,1
772,2014-07-16 04:00:00,10.5,1
773,2014-07-16 05:00:00,9.75,1
774,2014-07-16 06:00:00,9.75,1
775,2014-07-16 07:00:00,9.5,3
776,2014-07-16 08:00:00,9.75,3
777,2014-07-16 09:00:00,9.5,3
778,2014-07-16 10:00:00,9.25,3
779,2014-07-16 11:00:00,8.75,3
780,2014-07-16 12:00:00,9.25,2
781,2014-07-16 13:00:00,9.5,2
782,2014-07-16 14:00:00,12.25,2
783,2014-07-16 15:00:00,13.25,2
784,2014-07-16 16:00:00,13.5,2
785,2014-07-16 17:00:00,10.75,2
786,2014-07-16 18:00:00,12.0,2
787,2014-07-16 19:00:00,11.0,3
788,2014-07-16 20:00:00,9.75,3
789,2014-07-16 21:00:00,10.75,3
790,2014-07-16 22:00:00,10.75,3
791,2014-07-16 23:00:00,11.0,3
792,2014-07-17 00:00:00,10.5,1
793,2014-07-17 01:00:00,10.0,1
794,2014-07-17 02:00:00,10.5,1
795,2014-07-17 03:00:00,12.25,1
796,2014-07-17 04:00:00,10.5,1
797,2014-07-17 05:00:00,10.25,1
798,2014-07-17 06:00:00,9.75,1
799,2014-07-17 07:00:00,9.0,3
800,2014-07-17 08:00:00,9.75,3
801,2014-07-17 09:00:00,9.0,3
802,2014-07-17 10:00:00,10.5,3
803,2014-07-17 11:00:00,9.5,3
804,2014-07-17 12:00:00,9.75,2
805,2014-07-17 13:00:00,9.5,2
806,2014-07-17 14:00:00,10.25,2
807,2014-07-17 15:00:00,10.75,2
808,2014-07-17 16:00:00,12.0,2
809,2014-07-17 17:00:00,13.0,2
810,2014-07-17 18:00:00,12.25,2
811,2014-07-17 19:00:00,12.25,3
812,2014-07-17 20:00:00,12.25,3
813,2014-07-17 21:00:00,12.75,3
814,2014-07-17 22:00:00,10.75,3
815,2014-07-17 23:00:00,10.75,3
816,2014-07-18 00:00:00,9.5,1
817,2014-07-18 01:00:00,9.25,1
818,2014-07-18 02:00:00,10.5,1
819,2014-07-18 03:00:00,10.0,1
820,2014-07-18 04:00:00,10.0,1
821,2014-07-18 05:00:00,9.75,1
822,2014-07-18 06:00:00,9.5,1
823,2014-07-18 07:00:00,9.0,3
824,2014-07-18 08:00:00,9.75,3
825,2014-07-18 09:00:00,9.5,3
826,2014-07-18 10:00:00,9.0,3
827,2014-07-18 11:00:00,8.75,3
828,2014-07-18 12:00:00,8.5,2
829,2014-07-18 13:00:00,9.0,2
830,2014-07-18 14:00:00,10.0,2
831,2014-07-18 15:00:00,10.0,2
832,2014-07-18 16:00:00,10.25,2
833,2014-07-18 17:00:00,10.75,2
834,2014-07-18 18:00:00,10.5,2
835,2014-07-18 19:00:00,10.0,3
836,2014-07-18 20:00:00,12.5,3
837,2014-07-18 21:00:00,13.75,3
838,2014-07-18 22:00:00,14.5,3
839,2014-07-18 23:00:00,13.5,3
840,2014-07-21 00:00:00,9.5,1
841,2014-07-21 01:00:00,9.25,1
842,2014-07-21 02:00:00,10.0,1
843,2014-07-21 03:00:00,10.0,1
844,2014-07-21 04:00:00,10.0,1
845,2014-07-21 05:00:00,9.25,1
846,2014-07-21 06:00:00,9.75,1
847,2014-07-21 07:00:00,8.0,3
848,2014-07-21 08:00:00,9.5,3
849,2014-07-21 09:00:00,8.5,3
850,2014-07-21 10:00:00,8.75,3
851,2014-07-21 11:00:00,8.0,3
852,2014-07-21 12:00:00,8.5,2
853,2014-07-21 13:00:00,8.75,2
854,2014-07-21 14:00:00,10.5,2
855,2014-07-21 15:00:00,12.75,2
856,2014-07-21 16:00:00,13.25,2
857,2014-07-21 17:00:00,14.25,2
858,2014-07-21 18:00:00,14.75,2
859,2014-07-21 19:00:00,14.75,3
860,2014-07-21 20:00:00,13.75,3
861,2014-07-21 21:00:00,10.25,3
862,2014-07-21 22:00:00,10.25,3
863,2014-07-21 23:00:00,10.0,3
864,2014-07-22 00:00:00,9.75,1
865,2014-07-22 01:00:00,10.0,1
866,2014-07-22 02:00:00,10.0,1
867,2014-07-22 03:00:00,11.0,1
868,2014-07-22 04:00:00,10.75,1
869,2014-07-22 05:00:00,9.5,1
870,2014-07-22 06:00:00,8.75,1
871,2014-07-22 07:00:00,9.5,3
872,2014-07-22 08:00:00,9.0,3
873,2014-07-22 09:00:00,9.0,3
874,2014-07-22 10:00:00,8.75,3
875,2014-07-22 11:00:00,9.0,3
876,2014-07-22 12:00:00,8.25,2
877,2014-07-22 13:00:00,9.25,2
878,2014-07-22 14:00:00,10.25,2
879,2014-07-22 15:00:00,10.75,2
880,2014-07-22 16:00:00,10.75,2
881,2014-07-22 17:00:00,10.5,2
882,2014-07-22 18:00:00,10.0,2
883,2014-07-22 19:00:00,10.75,3
884,2014-07-22 20:00:00,10.0,3
885,2014-07-22 21:00:00,10.5,3
886,2014-07-22 22:00:00,10.0,3
887,2014-07-22 23:00:00,11.0,3
888,2014-07-23 00:00:00,10.5,1
889,2014-07-23 01:00:00,10.75,1
890,2014-07-23 02:00:00,10.5,1
891,2014-07-23 03:00:00,10.5,1
892,2014-07-23 04:00:00,10.75,1
893,2014-07-23 05:00:00,9.5,1
894,2014-07-23 06:00:00,9.5,1
895,2014-07-23 07:00:00,8.75,3
896,2014-07-23 08:00:00,9.5,3
897,2014-07-23 09:00:00,9.5,3
898,2014-07-23 10:00:00,9.0,3
899,2014-07-23 11:00:00,8.25,3
900,2014-07-23 12:00:00,8.25,2
901,2014-07-23 13:00:00,9.5,2
902,2014-07-23 14:00:00,10.0,2
903,2014-07-23 15:00:00,11.5,2
904,2014-07-23 16:00:00,13.0,2
905,2014-07-23 17:00:00,13.75,2
906,2014-07-23 18:00:00,13.0,2
907,2014-07-23 19:00:00,10.75,3
908,2014-07-23 20:00:00,11.5,3
909,2014-07-23 21:00:00,11.0,3
910,2014-07-23 22:00:00,12.0,3
911,2014-07-23 23:00:00,10.5,3
912,2014-07-24 00:00:00,11.0,1
913,2014-07-24 01:00:00,10.0,1
914,2014-07-24 02:00:00,11.75,1
915,2014-07-24 03:00:00,11.75,1
916,2014-07-24 04:00:00,11.0,1
917,2014-07-24 05:00:00,11.0,1
918,2014-07-24 06:00:00,10.5,1
919,2014-07-24 07:00:00,10.75,3
920,2014-07-24 08:00:00,10.75,3
921,2014-07-24 09:00:00,10.25,3
922,2014-07-24 10:00:00,10.0,3
923,2014-07-24 11:00:00,9.75,3
924,2014-07-24 12:00:00,9.5,2
925,2014-07-24 13:00:00,10.5,2
926,2014-07-24 14:00:00,11.5,2
927,2014-07-24 15:00:00,11.75,2
928,2014-07-24 16:00:00,13.5,2
929,2014-07-24 17:00:00,14.25,2
930,2014-07-24 18:00:00,14.75,2
931,2014-07-24 19:00:00,14.25,3
932,2014-07-24 20:00:00,14.25,3
933,2014-07-24 21:00:00,14.0,3
934,2014-07-24 22:00:00,14.75,3
935,2014-07-24 23:00:00,15.5,3
936,2014-07-25 00:00:00,13.75,1
937,2014-07-25 01:00:00,14.75,1
938,2014-07-25 02:00:00,14.75,1
939,2014-07-25 03:00:00,15.5,1
940,2014-07-25 04:00:00,14.75,1
941,2014-07-25 05:00:00,14.5,1
942,2014-07-25 06:00:00,14.75,1
943,2014-07-25 07:00:00,14.0,3
944,2014-07-25 08:00:00,14.5,3
945,2014-07-25 09:00:00,13.75,3
946,2014-07-25 10:00:00,14.5,3
947,2014-07-25 11:00:00,14.0,3
948,2014-07-25 12:00:00,14.0,2
949,2014-07-25 13:00:00,14.0,2
950,2014-07-25 14:00:00,14.5,2
951,2014-07-25 15:00:00,14.0,2
952,2014-07-25 16:00:00,14.0,2
953,2014-07-25 17:00:00,14.75,2
954,2014-07-25 18:00:00,14.5,2
955,2014-07-25 19:00:00,14.25,3
956,2014-07-25 20:00:00,14.0,3
957,2014-07-25 21:00:00,14.0,3
958,2014-07-25 22:00:00,14.5,3
959,2014-07-25 23:00:00,13.0,3
960,2014-07-28 00:00:00,10.25,1
961,2014-07-28 01:00:00,9.5,1
962,2014-07-28 02:00:00,10.75,1
963,2014-07-28 03:00:00,9.5,1
964,2014-07-28 04:00:00,10.0,1
965,2014-07-28 05:00:00,10.0,1
966,2014-07-28 06:00:00,8.75,1
967,2014-07-28 07:00:00,9.0,3
968,2014-07-28 08:00:00,9.5,3
969,2014-07-28 09:00:00,9.75,3
970,2014-07-28 10:00:00,9.0,3
971,2014-07-28 11:00:00,9.25,3
972,2014-07-28 12:00:00,8.5,2
973,2014-07-28 13:00:00,9.0,2
974,2014-07-28 14:00:00,10.25,2
975,2014-07-28 15:00:00,9.75,2
976,2014-07-28 16:00:00,10.25,2
977,2014-07-28 17:00:00,10.25,2
978,2014-07-28 18:00:00,10.0,2
979,2014-07-28 19:00:00,10.75,3
980,2014-07-28 20:00:00,10.75,3
981,2014-07-28 21:00:00,10.5,3
982,2014-07-28 22:00:00,10.25,3
983,2014-07-28 23:00:00,10.75,3
984,2014-07-29 00:00:00,10.0,1
985,2014-07-29 01:00:00,9.25,1
986,2014-07-29 02:00:00,11.75,1
987,2014-07-29 03:00:00,10.5,1
988,2014-07-29 04:00:00,11.0,1
989,2014-07-29 05:00:00,9.5,1
990,2014-07-29 06:00:00,10.0,1
991,2014-07-29 07:00:00,10.0,3
992,2014-07-29 08:00:00,9.25,3
993,2014-07-29 09:00:00,9.25,3
994,2014-07-29 10:00:00,9.75,3
995,2014-07-29 11:00:00,9.5,3
996,2014-07-29 12:00:00,8.5,2
997,2014-07-29 13:00:00,10.0,2
998,2014-07-29 14:00:00,10.75,2
999,2014-07-29 15:00:00,10.0,2
1000,2014-07-29 16:00:00,10.25,2
1001,2014-07-29 17:00:00,10.75,2
1002,2014-07-29 18:00:00,10.25,2
1003,2014-07-29 19:00:00,10.25,3
1004,2014-07-29 20:00:00,10.5,3
1005,2014-07-29 21:00:00,9.75,3
1006,2014-07-29 22:00:00,10.5,3
1007,2014-07-29 23:00:00,10.25,3
1008,2014-07-30 00:00:00,9.75,1
1009,2014-07-30 01:00:00,10.0,1
1010,2014-07-30 02:00:00,10.25,1
1011,2014-07-30 03:00:00,10.5,1
1012,2014-07-30 04:00:00,10.5,1
1013,2014-07-30 05:00:00,9.25,1
1014,2014-07-30 06:00:00,9.5,1
1015,2014-07-30 07:00:00,9.5,3
1016,2014-07-30 08:00:00,9.25,3
1017,2014-07-30 09:00:00,9.25,3
1018,2014-07-30 10:00:00,10.0,3
1019,2014-07-30 11:00:00,8.5,3
1020,2014-07-30 12:00:00,8.5,2
1021,2014-07-30 13:00:00,9.5,2
1022,2014-07-30 14:00:00,9.75,2
1023,2014-07-30 15:00:00,10.25,2
1024,2014-07-30 16:00:00,10.0,2
1025,2014-07-30 17:00:00,11.25,2
1026,2014-07-30 18:00:00,14.5,2
1027,2014-07-30 19:00:00,13.75,3
1028,2014-07-30 20:00:00,9.25,3
1029,2014-07-30 21:00:00,10.25,3
1030,2014-07-30 22:00:00,10.0,3
1031,2014-07-30 23:00:00,9.25,3
1032,2014-07-31 00:00:00,9.75,1
1033,2014-07-31 01:00:00,9.75,1
1034,2014-07-31 02:00:00,9.75,1
1035,2014-07-31 03:00:00,10.5,1
1036,2014-07-31 04:00:00,10.25,1
1037,2014-07-31 05:00:00,9.25,1
1038,2014-07-31 06:00:00,8.75,1
1039,2014-07-31 07:00:00,9.25,3
1040,2014-07-31 08:00:00,10.0,3
1041,2014-07-31 09:00:00,9.25,3
1042,2014-07-31 10:00:00,9.25,3
1043,2014-07-31 11:00:00,8.75,3
1044,2014-07-31 12:00:00,8.25,2
1045,2014-07-31 13:00:00,9.0,2
1046,2014-07-31 14:00:00,9.25,2
1047,2014-07-31 15:00:00,13.0,2
1048,2014-07-31 16:00:00,13.0,2
1049,2014-07-31 17:00:00,13.0,2
1050,2014-07-31 18:00:00,9.25,2
1051,2014-07-31 19:00:00,9.75,3
1052,2014-07-31 20:00:00,9.5,3
1053,2014-07-31 21:00:00,9.5,3
1054,2014-07-31 22:00:00,10.75,3
1055,2014-07-31 23:00:00,10.0,3
1056,2014-08-01 00:00:00,9.5,1
1057,2014-08-01 01:00:00,10.0,1
1058,2014-08-01 02:00:00,10.25,1
1059,2014-08-01 03:00:00,9.75,1
1060,2014-08-01 04:00:00,10.5,1
1061,2014-08-01 05:00:00,9.5,1
1062,2014-08-01 06:00:00,9.25,1
1063,2014-08-01 07:00:00,9.25,3
1064,2014-08-01 08:00:00,8.0,3
1065,2014-08-01 09:00:00,9.25,3
1066,2014-08-01 10:00:00,9.5,3
1067,2014-08-01 11:00:00,8.5,3
1068,2014-08-01 12:00:00,8.0,2
1069,2014-08-01 13:00:00,10.25,2
1070,2014-08-01 14:00:00,9.75,2
1071,2014-08-01 15:00:00,9.25,2
1072,2014-08-01 16:00:00,10.25,2
1073,2014-08-01 17:00:00,11.0,2
1074,2014-08-01 18:00:00,9.75,2
1075,2014-08-01 19:00:00,9.25,3
1076,2014-08-01 20:00:00,11.0,3
1077,2014-08-01 21:00:00,11.0,3
1078,2014-08-01 22:00:00,10.5,3
1079,2014-08-01 23:00:00,9.75,3
1080,2014-08-04 00:00:00,9.75,1
1081,2014-08-04 01:00:00,9.0,1
1082,2014-08-04 02:00:00,10.5,1
1083,2014-08-04 03:00:00,10.0,1
1084,2014-08-04 04:00:00,10.25,1
1085,2014-08-04 05:00:00,9.0,1
1086,2014-08-04 06:00:00,8.75,1
1087,2014-08-04 07:00:00,9.5,3
1088,2014-08-04 08:00:00,9.0,3
1089,2014-08-04 09:00:00,9.25,3
1090,2014-08-04 10:00:00,8.75,3
1091,2014-08-04 11:00:00,9.0,3
1092,2014-08-04 12:00:00,8.75,2
1093,2014-08-04 13:00:00,9.75,2
1094,2014-08-04 14:00:00,10.25,2
1095,2014-08-04 15:00:00,9.5,2
1096,2014-08-04 16:00:00,12.0,2
1097,2014-08-04 17:00:00,13.75,2
1098,2014-08-04 18:00:00,10.75,2
1099,2014-08-04 19:00:00,10.0,3
1100,2014-08-04 20:00:00,10.75,3
1101,2014-08-04 21:00:00,11.0,3
1102,2014-08-04 22:00:00,10.25,3
1103,2014-08-04 23:00:00,11.0,3
1104,2014-08-05 00:00:00,10.25,1
1105,2014-08-05 01:00:00,10.0,1
1106,2014-08-05 02:00:00,10.5,1
1107,2014-08-05 03:00:00,10.75,1
1108,2014-08-05 04:00:00,11.75,1
1109,2014-08-05 05:00:00,9.75,1
1110,2014-08-05 06:00:00,9.0,1
1111,2014-08-05 07:00:00,10.25,3
1112,2014-08-05 08:00:00,9.0,3
1113,2014-08-05 09:00:00,9.75,3
1114,2014-08-05 10:00:00,9.0,3
1115,2014-08-05 11:00:00,9.25,3
1116,2014-08-05 12:00:00,8.75,2
1117,2014-08-05 13:00:00,10.0,2
1118,2014-08-05 14:00:00,10.25,2
1119,2014-08-05 15:00:00,10.0,2
1120,2014-08-05 16:00:00,12.5,2
1121,2014-08-05 17:00:00,15.0,2
1122,2014-08-05 18:00:00,13.25,2
1123,2014-08-05 19:00:00,10.0,3
1124,2014-08-05 20:00:00,10.75,3
1125,2014-08-05 21:00:00,11.0,3
1126,2014-08-05 22:00:00,10.25,3
1127,2014-08-05 23:00:00,11.0,3
1128,2014-08-06 00:00:00,10.25,1
1129,2014-08-06 01:00:00,10.0,1
1130,2014-08-06 02:00:00,10.5,1
1131,2014-08-06 03:00:00,10.75,1
1132,2014-08-06 04:00:00,11.75,1
1133,2014-08-06 05:00:00,9.75,1
1134,2014-08-06 06:00:00,9.0,1
1135,2014-08-06 07:00:00,10.25,3
1136,2014-08-06 08:00:00,9.0,3
1137,2014-08-06 09:00:00,9.75,3
1138,2014-08-06 10:00:00,9.0,3
1139,2014-08-06 11:00:00,9.25,3
1140,2014-08-06 12:00:00,8.75,2
1141,2014-08-06 13:00:00,10.0,2
1142,2014-08-06 14:00:00,10.25,2
1143,2014-08-06 15:00:00,10.0,2
1144,2014-08-06 16:00:00,12.5,2
1145,2014-08-06 17:00:00,15.0,2
1146,2014-08-06 18:00:00,13.25,2
1147,2014-08-06 19:00:00,14.625,3
1148,2014-08-06 20:00:00,16.0,3
1149,2014-08-06 21:00:00,15.0,3
1150,2014-08-06 22:00:00,14.5,3
1151,2014-08-06 23:00:00,14.75,3
1152,2014-08-07 00:00:00,14.0,1
1153,2014-08-07 01:00:00,15.5,1
1154,2014-08-07 02:00:00,15.25,1
1155,2014-08-07 03:00:00,15.0,1
1156,2014-08-07 04:00:00,15.25,1
1157,2014-08-07 05:00:00,14.5,1
1158,2014-08-07 06:00:00,14.0,1
1159,2014-08-07 07:00:00,14.0,3
1160,2014-08-07 08:00:00,13.75,3
1161,2014-08-07 09:00:00,13.0,3
1162,2014-08-07 10:00:00,14.0,3
1163,2014-08-07 11:00:00,14.25,3
1164,2014-08-07 12:00:00,13.0,2
1165,2014-08-07 13:00:00,14.0,2
1166,2014-08-07 14:00:00,12.25,2
1167,2014-08-07 15:00:00,10.5,2
1168,2014-08-07 16:00:00,10.25,2
1169,2014-08-07 17:00:00,11.25,2
1170,2014-08-07 18:00:00,12.75,2
1171,2014-08-07 19:00:00,13.5,3
1172,2014-08-07 20:00:00,13.75,3
1173,2014-08-07 21:00:00,13.25,3
1174,2014-08-07 22:00:00,10.0,3
1175,2014-08-07 23:00:00,10.25,3
1176,2014-08-08 00:00:00,9.75,1
1177,2014-08-08 01:00:00,10.0,1
1178,2014-08-08 02:00:00,10.5,1
1179,2014-08-08 03:00:00,10.25,1
1180,2014-08-08 04:00:00,10.5,1
1181,2014-08-08 05:00:00,9.5,1
1182,2014-08-08 06:00:00,9.0,1
1183,2014-08-08 07:00:00,9.5,3
1184,2014-08-08 08:00:00,9.0,3
1185,2014-08-08 09:00:00,9.0,3
1186,2014-08-08 10:00:00,10.25,3
1187,2014-08-08 11:00:00,9.0,3
1188,2014-08-08 12:00:00,8.5,2
1189,2014-08-08 13:00:00,9.75,2
1190,2014-08-08 14:00:00,12.25,2
1191,2014-08-08 15:00:00,12.5,2
1192,2014-08-08 16:00:00,12.5,2
1193,2014-08-08 17:00:00,13.75,2
1194,2014-08-08 18:00:00,12.5,2
1195,2014-08-08 19:00:00,12.5,3
1196,2014-08-08 20:00:00,13.25,3
1197,2014-08-08 21:00:00,11.0,3
1198,2014-08-08 22:00:00,10.5,3
1199,2014-08-08 23:00:00,11.25,3
1200,2014-08-11 00:00:00,10.0,1
1201,2014-08-11 01:00:00,11.5,1
1202,2014-08-11 02:00:00,10.75,1
1203,2014-08-11 03:00:00,11.5,1
1204,2014-08-11 04:00:00,11.25,1
1205,2014-08-11 05:00:00,10.25,1
1206,2014-08-11 06:00:00,11.75,1
1207,2014-08-11 07:00:00,9.75,3
1208,2014-08-11 08:00:00,10.25,3
1209,2014-08-11 09:00:00,10.75,3
1210,2014-08-11 10:00:00,10.0,3
1211,2014-08-11 11:00:00,10.75,3
1212,2014-08-11 12:00:00,9.5,2
1213,2014-08-11 13:00:00,10.25,2
1214,2014-08-11 14:00:00,10.75,2
1215,2014-08-11 15:00:00,14.0,2
1216,2014-08-11 16:00:00,15.75,2
1217,2014-08-11 17:00:00,14.25,2
1218,2014-08-11 18:00:00,15.125,2
1219,2014-08-11 19:00:00,15.125,3
1220,2014-08-11 20:00:00,16.0,3
1221,2014-08-11 21:00:00,15.0,3
1222,2014-08-11 22:00:00,10.5,3
1223,2014-08-11 23:00:00,10.5,3
1224,2014-08-12 00:00:00,10.0,1
1225,2014-08-12 01:00:00,10.75,1
1226,2014-08-12 02:00:00,10.25,1
1227,2014-08-12 03:00:00,10.0,1
1228,2014-08-12 04:00:00,10.75,1
1229,2014-08-12 05:00:00,9.25,1
1230,2014-08-12 06:00:00,9.0,1
1231,2014-08-12 07:00:00,10.75,3
1232,2014-08-12 08:00:00,9.5,3
1233,2014-08-12 09:00:00,9.5,3
1234,2014-08-12 10:00:00,9.75,3
1235,2014-08-12 11:00:00,9.5,3
1236,2014-08-12 12:00:00,8.75,2
1237,2014-08-12 13:00:00,9.5,2
1238,2014-08-12 14:00:00,10.0,2
1239,2014-08-12 15:00:00,10.75,2
1240,2014-08-12 16:00:00,10.25,2
1241,2014-08-12 17:00:00,11.0,2
1242,2014-08-12 18:00:00,13.5,2
1243,2014-08-12 19:00:00,13.5,3
1244,2014-08-12 20:00:00,13.25,3
1245,2014-08-12 21:00:00,11.5,3
1246,2014-08-12 22:00:00,10.25,3
1247,2014-08-12 23:00:00,10.5,3
1248,2014-08-13 00:00:00,10.0,1
1249,2014-08-13 01:00:00,11.5,1
1250,2014-08-13 02:00:00,10.0,1
1251,2014-08-13 03:00:00,10.25,1
1252,2014-08-13 04:00:00,10.25,1
1253,2014-08-13 05:00:00,9.5,1
1254,2014-08-13 06:00:00,9.25,1
1255,2014-08-13 07:00:00,9.5,3
1256,2014-08-13 08:00:00,9.25,3
1257,2014-08-13 09:00:00,10.25,3
1258,2014-08-13 10:00:00,9.5,3
1259,2014-08-13 11:00:00,9.25,3
1260,2014-08-13 12:00:00,8.5,2
1261,2014-08-13 13:00:00,9.75,2
1262,2014-08-13 14:00:00,9.5,2
1263,2014-08-13 15:00:00,11.25,2
1264,2014-08-13 16:00:00,11.0,2
1265,2014-08-13 17:00:00,11.5,2
1266,2014-08-13 18:00:00,12.0,2
1267,2014-08-13 19:00:00,12.5,3
1268,2014-08-13 20:00:00,12.5,3
1269,2014-08-13 21:00:00,12.25,3
1270,2014-08-13 22:00:00,12.25,3
1271,2014-08-13 23:00:00,13.25,3
1272,2014-08-14 00:00:00,12.0,1
1273,2014-08-14 01:00:00,12.5,1
1274,2014-08-14 02:00:00,13.5,1
1275,2014-08-14 03:00:00,12.75,1
1276,2014-08-14 04:00:00,13.0,1
1277,2014-08-14 05:00:00,12.0,1
1278,2014-08-14 06:00:00,12.25,1
1279,2014-08-14 07:00:00,9.5,3
1280,2014-08-14 08:00:00,9.25,3
1281,2014-08-14 09:00:00,10.25,3
1282,2014-08-14 10:00:00,9.5,3
1283,2014-08-14 11:00:00,11.25,3
1284,2014-08-14 12:00:00,10.25,2
1285,2014-08-14 13:00:00,12.0,2
1286,2014-08-14 14:00:00,11.5,2
1287,2014-08-14 15:00:00,13.0,2
1288,2014-08-14 16:00:00,13.0,2
1289,2014-08-14 17:00:00,13.25,2
1290,2014-08-14 18:00:00,13.25,2
1291,2014-08-14 19:00:00,13.0,3
1292,2014-08-14 20:00:00,12.75,3
1293,2014-08-14 21:00:00,10.25,3
1294,2014-08-14 22:00:00,10.25,3
1295,2014-08-14 23:00:00,10.5,3
1296,2014-08-15 00:00:00,10.25,1
1297,2014-08-15 01:00:00,10.25,1
1298,2014-08-15 02:00:00,10.5,1
1299,2014-08-15 03:00:00,11.0,1
1300,2014-08-15 04:00:00,10.5,1
1301,2014-08-15 05:00:00,9.75,1
1302,2014-08-15 06:00:00,9.0,1
1303,2014-08-15 07:00:00,9.25,3
1304,2014-08-15 08:00:00,10.0,3
1305,2014-08-15 09:00:00,9.0,3
1306,2014-08-15 10:00:00,9.5,3
1307,2014-08-15 11:00:00,9.75,3
1308,2014-08-15 12:00:00,9.0,2
1309,2014-08-15 13:00:00,9.25,2
1310,2014-08-15 14:00:00,11.25,2
1311,2014-08-15 15:00:00,11.25,2
1312,2014-08-15 16:00:00,11.5,2
1313,2014-08-15 17:00:00,12.25,2
1314,2014-08-15 18:00:00,11.75,2
1315,2014-08-15 19:00:00,11.0,3
1316,2014-08-15 20:00:00,11.25,3
1317,2014-08-15 21:00:00,11.75,3
1318,2014-08-15 22:00:00,11.25,3
1319,2014-08-15 23:00:00,11.25,3
1320,2014-08-18 00:00:00,10.0,1
1321,2014-08-18 01:00:00,10.0,1
1322,2014-08-18 02:00:00,10.5,1
1323,2014-08-18 03:00:00,9.75,1
1324,2014-08-18 04:00:00,11.0,1
1325,2014-08-18 05:00:00,10.25,1
1326,2014-08-18 06:00:00,9.0,1
1327,2014-08-18 07:00:00,10.25,3
1328,2014-08-18 08:00:00,9.0,3
1329,2014-08-18 09:00:00,9.0,3
1330,2014-08-18 10:00:00,9.5,3
1331,2014-08-18 11:00:00,9.25,3
1332,2014-08-18 12:00:00,8.5,2
1333,2014-08-18 13:00:00,10.0,2
1334,2014-08-18 14:00:00,12.5,2
1335,2014-08-18 15:00:00,13.75,2
1336,2014-08-18 16:00:00,14.0,2
1337,2014-08-18 17:00:00,14.25,2
1338,2014-08-18 18:00:00,13.75,2
1339,2014-08-18 19:00:00,13.25,3
1340,2014-08-18 20:00:00,12.25,3
1341,2014-08-18 21:00:00,13.0,3
1342,2014-08-18 22:00:00,11.0,3
1343,2014-08-18 23:00:00,11.0,3
1344,2014-08-19 00:00:00,10.0,1
1345,2014-08-19 01:00:00,9.75,1
1346,2014-08-19 02:00:00,10.5,1
1347,2014-08-19 03:00:00,11.25,1
1348,2014-08-19 04:00:00,10.5,1
1349,2014-08-19 05:00:00,10.25,1
1350,2014-08-19 06:00:00,9.25,1
1351,2014-08-19 07:00:00,9.75,3
1352,2014-08-19 08:00:00,9.25,3
1353,2014-08-19 09:00:00,9.25,3
1354,2014-08-19 10:00:00,9.5,3
1355,2014-08-19 11:00:00,9.75,3
1356,2014-08-19 12:00:00,8.5,2
1357,2014-08-19 13:00:00,9.5,2
1358,2014-08-19 14:00:00,10.75,2
1359,2014-08-19 15:00:00,10.5,2
1360,2014-08-19 16:00:00,10.5,2
1361,2014-08-19 17:00:00,11.75,2
1362,2014-08-19 18:00:00,11.5,2
1363,2014-08-19 19:00:00,11.25,3
1364,2014-08-19 20:00:00,10.5,3
1365,2014-08-19 21:00:00,10.25,3
1366,2014-08-19 22:00:00,11.0,3
1367,2014-08-19 23:00:00,10.75,3
1368,2014-08-20 00:00:00,10.25,1
1369,2014-08-20 01:00:00,10.75,1
1370,2014-08-20 02:00:00,10.75,1
1371,2014-08-20 03:00:00,10.75,1
1372,2014-08-20 04:00:00,11.25,1
1373,2014-08-20 05:00:00,10.25,1
1374,2014-08-20 06:00:00,9.5,1
1375,2014-08-20 07:00:00,9.25,3
1376,2014-08-20 08:00:00,9.75,3
1377,2014-08-20 09:00:00,10.25,3
1378,2014-08-20 10:00:00,10.0,3
1379,2014-08-20 11:00:00,10.0,3
1380,2014-08-20 12:00:00,10.0,2
1381,2014-08-20 13:00:00,9.75,2
1382,2014-08-20 14:00:00,10.25,2
1383,2014-08-20 15:00:00,10.25,2
1384,2014-08-20 16:00:00,10.75,2
1385,2014-08-20 17:00:00,10.75,2
1386,2014-08-20 18:00:00,11.0,2
1387,2014-08-20 19:00:00,11.25,3
1388,2014-08-20 20:00:00,10.0,3
1389,2014-08-20 21:00:00,10.25,3
1390,2014-08-20 22:00:00,10.0,3
1391,2014-08-20 23:00:00,9.75,3
1392,2014-08-21 00:00:00,9.5,1
1393,2014-08-21 01:00:00,9.5,1
1394,2014-08-21 02:00:00,10.0,1
1395,2014-08-21 03:00:00,10.25,1
1396,2014-08-21 04:00:00,10.25,1
1397,2014-08-21 05:00:00,9.75,1
1398,2014-08-21 06:00:00,9.0,1
1399,2014-08-21 07:00:00,9.5,3
1400,2014-08-21 08:00:00,9.5,3
1401,2014-08-21 09:00:00,9.0,3
1402,2014-08-21 10:00:00,9.5,3
1403,2014-08-21 11:00:00,10.0,3
1404,2014-08-21 12:00:00,9.0,2
1405,2014-08-21 13:00:00,9.5,2
1406,2014-08-21 14:00:00,9.25,2
1407,2014-08-21 15:00:00,9.25,2
1408,2014-08-21 16:00:00,9.25,2
1409,2014-08-21 17:00:00,10.5,2
1410,2014-08-21 18:00:00,11.0,2
1411,2014-08-21 19:00:00,15.0,3
1412,2014-08-21 20:00:00,14.875,3
1413,2014-08-21 21:00:00,14.75,3
1414,2014-08-21 22:00:00,15.25,3
1415,2014-08-21 23:00:00,14.75,3
1416,2014-08-22 00:00:00,14.0,1
1417,2014-08-22 01:00:00,14.75,1
1418,2014-08-22 02:00:00,14.5,1
1419,2014-08-22 03:00:00,15.0,1
1420,2014-08-22 04:00:00,14.5,1
1421,2014-08-22 05:00:00,14.5,1
1422,2014-08-22 06:00:00,13.5,1
1423,2014-08-22 07:00:00,14.0,3
1424,2014-08-22 08:00:00,14.25,3
1425,2014-08-22 09:00:00,14.5,3
1426,2014-08-22 10:00:00,14.0,3
1427,2014-08-22 11:00:00,14.0,3
1428,2014-08-22 12:00:00,13.25,2
1429,2014-08-22 13:00:00,13.5,2
1430,2014-08-22 14:00:00,13.75,2
1431,2014-08-22 15:00:00,14.5,2
1432,2014-08-22 16:00:00,15.0,2
1433,2014-08-22 17:00:00,15.0,2
1434,2014-08-22 18:00:00,14.0,2
1435,2014-08-22 19:00:00,13.75,3
1436,2014-08-22 20:00:00,13.5,3
1437,2014-08-22 21:00:00,13.75,3
1438,2014-08-22 22:00:00,14.0,3
1439,2014-08-22 23:00:00,14.0,3
1440,2014-08-25 00:00:00,14.0,1
1441,2014-08-25 01:00:00,14.0,1
1442,2014-08-25 02:00:00,14.25,1
1443,2014-08-25 03:00:00,13.5,1
1444,2014-08-25 04:00:00,14.75,1
1445,2014-08-25 05:00:00,10.5,1
1446,2014-08-25 06:00:00,9.25,1
1447,2014-08-25 07:00:00,8.75,3
1448,2014-08-25 08:00:00,9.25,3
1449,2014-08-25 09:00:00,9.0,3
1450,2014-08-25 10:00:00,9.5,3
1451,2014-08-25 11:00:00,10.0,3
1452,2014-08-25 12:00:00,8.75,2
1453,2014-08-25 13:00:00,9.0,2
1454,2014-08-25 14:00:00,9.25,2
1455,2014-08-25 15:00:00,9.25,2
1456,2014-08-25 16:00:00,10.5,2
1457,2014-08-25 17:00:00,10.25,2
1458,2014-08-25 18:00:00,9.75,2
1459,2014-08-25 19:00:00,9.25,3
1460,2014-08-25 20:00:00,11.0,3
1461,2014-08-25 21:00:00,10.0,3
1462,2014-08-25 22:00:00,9.5,3
1463,2014-08-25 23:00:00,9.25,3
1464,2014-08-26 00:00:00,9.75,1
1465,2014-08-26 01:00:00,9.75,1
1466,2014-08-26 02:00:00,10.0,1
1467,2014-08-26 03:00:00,9.5,1
1468,2014-08-26 04:00:00,9.75,1
1469,2014-08-26 05:00:00,9.5,1
1470,2014-08-26 06:00:00,9.75,1
1471,2014-08-26 07:00:00,9.25,3
1472,2014-08-26 08:00:00,10.0,3
1473,2014-08-26 09:00:00,9.75,3
1474,2014-08-26 10:00:00,9.5,3
1475,2014-08-26 11:00:00,9.5,3
1476,2014-08-26 12:00:00,8.75,2
1477,2014-08-26 13:00:00,9.75,2
1478,2014-08-26 14:00:00,10.5,2
1479,2014-08-26 15:00:00,10.25,2
1480,2014-08-26 16:00:00,9.5,2
1481,2014-08-26 17:00:00,11.0,2
1482,2014-08-26 18:00:00,10.0,2
1483,2014-08-26 19:00:00,10.75,3
1484,2014-08-26 20:00:00,9.25,3
1485,2014-08-26 21:00:00,9.0,3
1486,2014-08-26 22:00:00,9.0,3
1487,2014-08-26 23:00:00,10.25,3
1488,2014-08-27 00:00:00,8.75,1
1489,2014-08-27 01:00:00,10.0,1
1490,2014-08-27 02:00:00,10.5,1
1491,2014-08-27 03:00:00,10.0,1
1492,2014-08-27 04:00:00,10.0,1
1493,2014-08-27 05:00:00,10.0,1
1494,2014-08-27 06:00:00,9.0,1
1495,2014-08-27 07:00:00,9.25,3
1496,2014-08-27 08:00:00,9.75,3
1497,2014-08-27 09:00:00,9.75,3
1498,2014-08-27 10:00:00,9.25,3
1499,2014-08-27 11:00:00,9.75,3
1500,2014-08-27 12:00:00,8.75,2
1501,2014-08-27 13:00:00,9.25,2
1502,2014-08-27 14:00:00,10.0,2
1503,2014-08-27 15:00:00,9.75,2
1504,2014-08-27 16:00:00,11.0,2
1505,2014-08-27 17:00:00,12.75,2
1506,2014-08-27 18:00:00,9.5,2
1507,2014-08-27 19:00:00,9.0,3
1508,2014-08-27 20:00:00,9.5,3
1509,2014-08-27 21:00:00,9.75,3
1510,2014-08-27 22:00:00,9.75,3
1511,2014-08-27 23:00:00,10.0,3
1512,2014-08-28 00:00:00,9.5,1
1513,2014-08-28 01:00:00,10.25,1
1514,2014-08-28 02:00:00,11.0,1
1515,2014-08-28 03:00:00,9.5,1
1516,2014-08-28 04:00:00,9.75,1
1517,2014-08-28 05:00:00,10.25,1
1518,2014-08-28 06:00:00,10.0,1
1519,2014-08-28 07:00:00,9.0,3
1520,2014-08-28 08:00:00,9.0,3
1521,2014-08-28 09:00:00,10.0,3
1522,2014-08-28 10:00:00,9.0,3
1523,2014-08-28 11:00:00,9.75,3
1524,2014-08-28 12:00:00,8.0,2
1525,2014-08-28 13:00:00,9.25,2
1526,2014-08-28 14:00:00,9.0,2
1527,2014-08-28 15:00:00,9.75,2
1528,2014-08-28 16:00:00,9.75,2
1529,2014-08-28 17:00:00,10.25,2
1530,2014-08-28 18:00:00,10.25,2
1531,2014-08-28 19:00:00,10.0,3
1532,2014-08-28 20:00:00,10.0,3
1533,2014-08-28 21:00:00,9.5,3
1534,2014-08-28 22:00:00,9.5,3
1535,2014-08-28 23:00:00,10.0,3
1536,2014-08-29 00:00:00,10.25,1
1537,2014-08-29 01:00:00,10.0,1
1538,2014-08-29 02:00:00,9.75,1
1539,2014-08-29 03:00:00,10.0,1
1540,2014-08-29 04:00:00,11.0,1
1541,2014-08-29 05:00:00,10.0,1
1542,2014-08-29 06:00:00,9.75,1
1543,2014-08-29 07:00:00,9.25,3
1544,2014-08-29 08:00:00,9.25,3
1545,2014-08-29 09:00:00,9.75,3
1546,2014-08-29 10:00:00,9.5,3
1547,2014-08-29 11:00:00,10.0,3
1548,2014-08-29 12:00:00,9.25,2
1549,2014-08-29 13:00:00,9.0,2
1550,2014-08-29 14:00:00,9.25,2
1551,2014-08-29 15:00:00,9.5,2
1552,2014-08-29 16:00:00,9.25,2
1553,2014-08-29 17:00:00,10.0,2
1554,2014-08-29 18:00:00,12.5,2
1555,2014-08-29 19:00:00,13.25,3
1556,2014-08-29 20:00:00,12.5,3
1557,2014-08-29 21:00:00,9.25,3
1558,2014-08-29 22:00:00,9.0,3
1559,2014-08-29 23:00:00,9.25,3
1560,2014-09-01 00:00:00,8.75,1
1561,2014-09-01 01:00:00,9.25,1
1562,2014-09-01 02:00:00,10.5,1
1563,2014-09-01 03:00:00,9.0,1
1564,2014-09-01 04:00:00,10.0,1
1565,2014-09-01 05:00:00,9.5,1
1566,2014-09-01 06:00:00,8.5,1
1567,2014-09-01 07:00:00,8.25,3
1568,2014-09-01 08:00:00,9.0,3
1569,2014-09-01 09:00:00,9.75,3
1570,2014-09-01 10:00:00,9.0,3
1571,2014-09-01 11:00:00,8.75,3
1572,2014-09-01 12:00:00,8.5,2
1573,2014-09-01 13:00:00,9.0,2
1574,2014-09-01 14:00:00,8.75,2
1575,2014-09-01 15:00:00,9.0,2
1576,2014-09-01 16:00:00,11.0,2
1577,2014-09-01 17:00:00,9.5,2
1578,2014-09-01 18:00:00,9.25,2
1579,2014-09-01 19:00:00,9.25,3
1580,2014-09-01 20:00:00,9.0,3
1581,2014-09-01 21:00:00,9.25,3
1582,2014-09-01 22:00:00,10.25,3
1583,2014-09-01 23:00:00,9.75,3
1584,2014-09-02 00:00:00,9.5,1
1585,2014-09-02 01:00:00,9.5,1
1586,2014-09-02 02:00:00,9.75,1
1587,2014-09-02 03:00:00,9.25,1
1588,2014-09-02 04:00:00,9.5,1
1589,2014-09-02 05:00:00,9.5,1
1590,2014-09-02 06:00:00,9.0,1
1591,2014-09-02 07:00:00,9.5,3
1592,2014-09-02 08:00:00,9.0,3
1593,2014-09-02 09:00:00,9.25,3
1594,2014-09-02 10:00:00,9.25,3
1595,2014-09-02 11:00:00,9.25,3
1596,2014-09-02 12:00:00,8.5,2
1597,2014-09-02 13:00:00,8.75,2
1598,2014-09-02 14:00:00,9.0,2
1599,2014-09-02 15:00:00,9.5,2
1600,2014-09-02 16:00:00,9.5,2
1601,2014-09-02 17:00:00,10.25,2
1602,2014-09-02 18:00:00,11.25,2
1603,2014-09-02 19:00:00,11.5,3
1604,2014-09-02 20:00:00,11.5,3
1605,2014-09-02 21:00:00,11.25,3
1606,2014-09-02 22:00:00,9.75,3
1607,2014-09-02 23:00:00,9.0,3
1608,2014-09-03 00:00:00,8.5,1
1609,2014-09-03 01:00:00,9.5,1
1610,2014-09-03 02:00:00,9.75,1
1611,2014-09-03 03:00:00,9.75,1
1612,2014-09-03 04:00:00,9.5,1
1613,2014-09-03 05:00:00,9.25,1
1614,2014-09-03 06:00:00,8.75,1
1615,2014-09-03 07:00:00,9.0,3
1616,2014-09-03 08:00:00,9.25,3
1617,2014-09-03 09:00:00,8.5,3
1618,2014-09-03 10:00:00,8.25,3
1619,2014-09-03 11:00:00,8.75,3
1620,2014-09-03 12:00:00,8.5,2
1621,2014-09-03 13:00:00,8.75,2
1622,2014-09-03 14:00:00,8.75,2
1623,2014-09-03 15:00:00,8.75,2
1624,2014-09-03 16:00:00,10.0,2
1625,2014-09-03 17:00:00,10.0,2
1626,2014-09-03 18:00:00,9.75,2
1627,2014-09-03 19:00:00,9.0,3
1628,2014-09-03 20:00:00,9.0,3
1629,2014-09-03 21:00:00,10.0,3
1630,2014-09-03 22:00:00,9.0,3
1631,2014-09-03 23:00:00,8.75,3
1632,2014-09-04 00:00:00,9.75,1
1633,2014-09-04 01:00:00,9.25,1
1634,2014-09-04 02:00:00,9.25,1
1635,2014-09-04 03:00:00,9.25,1
1636,2014-09-04 04:00:00,9.25,1
1637,2014-09-04 05:00:00,9.5,1
1638,2014-09-04 06:00:00,9.25,1
1639,2014-09-04 07:00:00,9.0,3
1640,2014-09-04 08:00:00,8.75,3
1641,2014-09-04 09:00:00,8.75,3
1642,2014-09-04 10:00:00,9.75,3
1643,2014-09-04 11:00:00,9.5,3
1644,2014-09-04 12:00:00,8.5,2
1645,2014-09-04 13:00:00,8.5,2
1646,2014-09-04 14:00:00,9.75,2
1647,2014-09-04 15:00:00,10.0,2
1648,2014-09-04 16:00:00,9.0,2
1649,2014-09-04 17:00:00,9.25,2
1650,2014-09-04 18:00:00,10.25,2
1651,2014-09-04 19:00:00,10.5,3
1652,2014-09-04 20:00:00,13.25,3
1653,2014-09-04 21:00:00,14.0,3
1654,2014-09-04 22:00:00,12.5,3
1655,2014-09-04 23:00:00,9.5,3
1656,2014-09-05 00:00:00,9.75,1
1657,2014-09-05 01:00:00,9.75,1
1658,2014-09-05 02:00:00,9.5,1
1659,2014-09-05 03:00:00,9.25,1
1660,2014-09-05 04:00:00,10.0,1
1661,2014-09-05 05:00:00,9.75,1
1662,2014-09-05 06:00:00,9.0,1
1663,2014-09-05 07:00:00,8.75,3
1664,2014-09-05 08:00:00,9.0,3
1665,2014-09-05 09:00:00,9.0,3
1666,2014-09-05 10:00:00,9.75,3
1667,2014-09-05 11:00:00,9.75,3
1668,2014-09-05 12:00:00,8.5,2
1669,2014-09-05 13:00:00,8.75,2
1670,2014-09-05 14:00:00,9.5,2
1671,2014-09-05 15:00:00,9.0,2
1672,2014-09-05 16:00:00,9.75,2
1673,2014-09-05 17:00:00,10.0,2
1674,2014-09-05 18:00:00,9.75,2
1675,2014-09-05 19:00:00,13.75,3
1676,2014-09-05 20:00:00,10.5,3
1677,2014-09-05 21:00:00,9.75,3
1678,2014-09-05 22:00:00,9.5,3
1679,2014-09-05 23:00:00,10.0,3
1680,2014-09-08 00:00:00,9.75,1
1681,2014-09-08 01:00:00,9.25,1
1682,2014-09-08 02:00:00,9.25,1
1683,2014-09-08 03:00:00,10.25,1
1684,2014-09-08 04:00:00,10.25,1
1685,2014-09-08 05:00:00,9.5,1
1686,2014-09-08 06:00:00,9.75,1
1687,2014-09-08 07:00:00,9.25,3
1688,2014-09-08 08:00:00,9.25,3
1689,2014-09-08 09:00:00,9.25,3
1690,2014-09-08 10:00:00,9.75,3
1691,2014-09-08 11:00:00,9.5,3
1692,2014-09-08 12:00:00,9.25,2
1693,2014-09-08 13:00:00,9.5,2
1694,2014-09-08 14:00:00,9.5,2
1695,2014-09-08 15:00:00,9.0,2
1696,2014-09-08 16:00:00,9.5,2
1697,2014-09-08 17:00:00,10.0,2
1698,2014-09-08 18:00:00,10.0,2
1699,2014-09-08 19:00:00,9.75,3
1700,2014-09-08 20:00:00,10.25,3
1701,2014-09-08 21:00:00,10.5,3
1702,2014-09-08 22:00:00,10.25,3
1703,2014-09-08 23:00:00,9.25,3
1704,2014-09-09 00:00:00,8.75,1
1705,2014-09-09 01:00:00,9.75,1
1706,2014-09-09 02:00:00,10.25,1
1707,2014-09-09 03:00:00,9.25,1
1708,2014-09-09 04:00:00,9.75,1
1709,2014-09-09 05:00:00,9.25,1
1710,2014-09-09 06:00:00,9.75,1
1711,2014-09-09 07:00:00,9.75,3
1712,2014-09-09 08:00:00,9.75,3
1713,2014-09-09 09:00:00,9.25,3
1714,2014-09-09 10:00:00,9.0,3
1715,2014-09-09 11:00:00,9.25,3
1716,2014-09-09 12:00:00,9.0,2
1717,2014-09-09 13:00:00,9.25,2
1718,2014-09-09 14:00:00,11.25,2
1719,2014-09-09 15:00:00,11.75,2
1720,2014-09-09 16:00:00,12.0,2
1721,2014-09-09 17:00:00,12.5,2
1722,2014-09-09 18:00:00,11.75,2
1723,2014-09-09 19:00:00,12.5,3
1724,2014-09-09 20:00:00,12.75,3
1725,2014-09-09 21:00:00,12.0,3
1726,2014-09-09 22:00:00,11.0,3
1727,2014-09-09 23:00:00,10.25,3
1728,2014-09-10 00:00:00,9.75,1
1729,2014-09-10 01:00:00,10.5,1
1730,2014-09-10 02:00:00,9.5,1
1731,2014-09-10 03:00:00,10.25,1
1732,2014-09-10 04:00:00,9.25,1
1733,2014-09-10 05:00:00,10.0,1
1734,2014-09-10 06:00:00,9.25,1
1735,2014-09-10 07:00:00,9.25,3
1736,2014-09-10 08:00:00,9.75,3
1737,2014-09-10 09:00:00,9.25,3
1738,2014-09-10 10:00:00,9.25,3
1739,2014-09-10 11:00:00,9.75,3
1740,2014-09-10 12:00:00,9.25,2
1741,2014-09-10 13:00:00,11.0,2
1742,2014-09-10 14:00:00,11.5,2
1743,2014-09-10 15:00:00,12.25,2
1744,2014-09-10 16:00:00,13.25,2
1745,2014-09-10 17:00:00,13.75,2
1746,2014-09-10 18:00:00,13.25,2
1747,2014-09-10 19:00:00,14.0,3
1748,2014-09-10 20:00:00,13.75,3
1749,2014-09-10 21:00:00,13.75,3
1750,2014-09-10 22:00:00,10.25,3
1751,2014-09-10 23:00:00,9.75,3
1752,2014-09-11 00:00:00,9.5,1
1753,2014-09-11 01:00:00,9.75,1
1754,2014-09-11 02:00:00,9.75,1
1755,2014-09-11 03:00:00,9.5,1
1756,2014-09-11 04:00:00,10.25,1
1757,2014-09-11 05:00:00,9.5,1
1758,2014-09-11 06:00:00,9.5,1
1759,2014-09-11 07:00:00,9.75,3
1760,2014-09-11 08:00:00,9.0,3
1761,2014-09-11 09:00:00,9.0,3
1762,2014-09-11 10:00:00,10.0,3
1763,2014-09-11 11:00:00,9.75,3
1764,2014-09-11 12:00:00,9.25,2
1765,2014-09-11 13:00:00,10.25,2
1766,2014-09-11 14:00:00,12.25,2
1767,2014-09-11 15:00:00,12.5,2
1768,2014-09-11 16:00:00,14.0,2
1769,2014-09-11 17:00:00,13.0,2
1770,2014-09-11 18:00:00,12.0,2
1771,2014-09-11 19:00:00,12.75,3
1772,2014-09-11 20:00:00,11.0,3
1773,2014-09-11 21:00:00,9.5,3
1774,2014-09-11 22:00:00,9.0,3
1775,2014-09-11 23:00:00,9.75,3
1776,2014-09-12 00:00:00,9.25,1
1777,2014-09-12 01:00:00,9.75,1
1778,2014-09-12 02:00:00,9.5,1
1779,2014-09-12 03:00:00,9.25,1
1780,2014-09-12 04:00:00,11.0,1
1781,2014-09-12 05:00:00,9.25,1
1782,2014-09-12 06:00:00,9.5,1
1783,2014-09-12 07:00:00,9.5,3
1784,2014-09-12 08:00:00,9.25,3
1785,2014-09-12 09:00:00,9.0,3
1786,2014-09-12 10:00:00,9.25,3
1787,2014-09-12 11:00:00,9.75,3
1788,2014-09-12 12:00:00,8.75,2
1789,2014-09-12 13:00:00,9.25,2
1790,2014-09-12 14:00:00,9.25,2
1791,2014-09-12 15:00:00,9.25,2
1792,2014-09-12 16:00:00,9.75,2
1793,2014-09-12 17:00:00,11.5,2
1794,2014-09-12 18:00:00,9.5,2
1795,2014-09-12 19:00:00,9.75,3
1796,2014-09-12 20:00:00,10.75,3
1797,2014-09-12 21:00:00,10.25,3
1798,2014-09-12 22:00:00,9.0,3
1799,2014-09-12 23:00:00,9.0,3
1800,2014-09-15 00:00:00,9.25,1
1801,2014-09-15 01:00:00,9.75,1
1802,2014-09-15 02:00:00,9.25,1
1803,2014-09-15 03:00:00,9.5,1
1804,2014-09-15 04:00:00,9.75,1
1805,2014-09-15 05:00:00,9.75,1
1806,2014-09-15 06:00:00,8.75,1
1807,2014-09-15 07:00:00,9.0,3
1808,2014-09-15 08:00:00,8.75,3
1809,2014-09-15 09:00:00,9.0,3
1810,2014-09-15 10:00:00,9.25,3
1811,2014-09-15 11:00:00,9.25,3
1812,2014-09-15 12:00:00,8.5,2
1813,2014-09-15 13:00:00,9.0,2
1814,2014-09-15 14:00:00,8.75,2
1815,2014-09-15 15:00:00,9.25,2
1816,2014-09-15 16:00:00,9.25,2
1817,2014-09-15 17:00:00,9.25,2
1818,2014-09-15 18:00:00,9.5,2
1819,2014-09-15 19:00:00,9.25,3
1820,2014-09-15 20:00:00,9.5,3
1821,2014-09-15 21:00:00,9.25,3
1822,2014-09-15 22:00:00,9.75,3
1823,2014-09-15 23:00:00,9.0,3
1824,2014-09-16 00:00:00,9.5,1
1825,2014-09-16 01:00:00,9.25,1
1826,2014-09-16 02:00:00,9.25,1
1827,2014-09-16 03:00:00,10.5,1
1828,2014-09-16 04:00:00,9.25,1
1829,2014-09-16 05:00:00,9.5,1
1830,2014-09-16 06:00:00,8.75,1
1831,2014-09-16 07:00:00,9.25,3
1832,2014-09-16 08:00:00,8.75,3
1833,2014-09-16 09:00:00,9.25,3
1834,2014-09-16 10:00:00,10.0,3
1835,2014-09-16 11:00:00,9.75,3
1836,2014-09-16 12:00:00,8.25,2
1837,2014-09-16 13:00:00,9.25,2
1838,2014-09-16 14:00:00,11.25,2
1839,2014-09-16 15:00:00,12.5,2
1840,2014-09-16 16:00:00,13.25,2
1841,2014-09-16 17:00:00,9.75,2
1842,2014-09-16 18:00:00,9.25,2
1843,2014-09-16 19:00:00,9.0,3
1844,2014-09-16 20:00:00,9.5,3
1845,2014-09-16 21:00:00,9.5,3
1846,2014-09-16 22:00:00,9.5,3
1847,2014-09-16 23:00:00,11.75,3
1848,2014-09-17 00:00:00,9.0,1
1849,2014-09-17 01:00:00,9.25,1
1850,2014-09-17 02:00:00,9.5,1
1851,2014-09-17 03:00:00,9.75,1
1852,2014-09-17 04:00:00,9.5,1
1853,2014-09-17 05:00:00,9.0,1
1854,2014-09-17 06:00:00,8.75,1
1855,2014-09-17 07:00:00,9.0,3
1856,2014-09-17 08:00:00,9.25,3
1857,2014-09-17 09:00:00,8.5,3
1858,2014-09-17 10:00:00,9.25,3
1859,2014-09-17 11:00:00,9.25,3
1860,2014-09-17 12:00:00,8.25,2
1861,2014-09-17 13:00:00,8.75,2
1862,2014-09-17 14:00:00,9.25,2
1863,2014-09-17 15:00:00,11.5,2
1864,2014-09-17 16:00:00,12.75,2
1865,2014-09-17 17:00:00,9.5,2
1866,2014-09-17 18:00:00,9.25,2
1867,2014-09-17 19:00:00,9.5,3
1868,2014-09-17 20:00:00,9.25,3
1869,2014-09-17 21:00:00,9.0,3
1870,2014-09-17 22:00:00,9.25,3
1871,2014-09-17 23:00:00,10.0,3
1872,2014-09-18 00:00:00,9.5,1
1873,2014-09-18 01:00:00,10.0,1
1874,2014-09-18 02:00:00,9.75,1
1875,2014-09-18 03:00:00,9.25,1
1876,2014-09-18 04:00:00,10.25,1
1877,2014-09-18 05:00:00,9.75,1
1878,2014-09-18 06:00:00,8.75,1
1879,2014-09-18 07:00:00,9.5,3
1880,2014-09-18 08:00:00,8.75,3
1881,2014-09-18 09:00:00,9.75,3
1882,2014-09-18 10:00:00,9.75,3
1883,2014-09-18 11:00:00,9.75,3
1884,2014-09-18 12:00:00,8.5,2
1885,2014-09-18 13:00:00,9.5,2
1886,2014-09-18 14:00:00,10.0,2
1887,2014-09-18 15:00:00,13.5,2
1888,2014-09-18 16:00:00,11.5,2
1889,2014-09-18 17:00:00,10.0,2
1890,2014-09-18 18:00:00,9.5,2
1891,2014-09-18 19:00:00,13.25,3
1892,2014-09-18 20:00:00,9.75,3
1893,2014-09-18 21:00:00,9.0,3
1894,2014-09-18 22:00:00,9.75,3
1895,2014-09-18 23:00:00,9.5,3
1896,2014-09-19 00:00:00,9.25,1
1897,2014-09-19 01:00:00,9.5,1
1898,2014-09-19 02:00:00,9.75,1
1899,2014-09-19 03:00:00,9.0,1
1900,2014-09-19 04:00:00,10.25,1
1901,2014-09-19 05:00:00,9.5,1
1902,2014-09-19 06:00:00,9.5,1
1903,2014-09-19 07:00:00,10.0,3
1904,2014-09-19 08:00:00,9.25,3
1905,2014-09-19 09:00:00,9.5,3
1906,2014-09-19 10:00:00,9.75,3
1907,2014-09-19 11:00:00,10.0,3
1908,2014-09-19 12:00:00,8.75,2
1909,2014-09-19 13:00:00,8.5,2
1910,2014-09-19 14:00:00,9.0,2
1911,2014-09-19 15:00:00,9.0,2
1912,2014-09-19 16:00:00,10.5,2
1913,2014-09-19 17:00:00,9.5,2
1914,2014-09-19 18:00:00,9.5,2
1915,2014-09-19 19:00:00,9.5,3
1916,2014-09-19 20:00:00,9.0,3
1917,2014-09-19 21:00:00,9.75,3
1918,2014-09-19 22:00:00,8.75,3
1919,2014-09-19 23:00:00,8.5,3
1920,2014-09-22 00:00:00,9.5,1
1921,2014-09-22 01:00:00,9.5,1
1922,2014-09-22 02:00:00,10.0,1
1923,2014-09-22 03:00:00,9.75,1
1924,2014-09-22 04:00:00,9.5,1
1925,2014-09-22 05:00:00,9.25,1
1926,2014-09-22 06:00:00,8.25,1
1927,2014-09-22 07:00:00,8.75,3
1928,2014-09-22 08:00:00,8.75,3
1929,2014-09-22 09:00:00,8.75,3
1930,2014-09-22 10:00:00,9.25,3
1931,2014-09-22 11:00:00,9.0,3
1932,2014-09-22 12:00:00,8.75,2
1933,2014-09-22 13:00:00,8.5,2
1934,2014-09-22 14:00:00,8.75,2
1935,2014-09-22 15:00:00,8.5,2
1936,2014-09-22 16:00:00,9.0,2
1937,2014-09-22 17:00:00,10.25,2
1938,2014-09-22 18:00:00,9.5,2
1939,2014-09-22 19:00:00,9.5,3
1940,2014-09-22 20:00:00,9.5,3
1941,2014-09-22 21:00:00,8.75,3
1942,2014-09-22 22:00:00,9.25,3
1943,2014-09-22 23:00:00,10.5,3
1944,2014-09-23 00:00:00,9.25,1
1945,2014-09-23 01:00:00,9.75,1
1946,2014-09-23 02:00:00,10.0,1
1947,2014-09-23 03:00:00,9.5,1
1948,2014-09-23 04:00:00,9.75,1
1949,2014-09-23 05:00:00,9.25,1
1950,2014-09-23 06:00:00,9.25,1
1951,2014-09-23 07:00:00,10.0,3
1952,2014-09-23 08:00:00,9.25,3
1953,2014-09-23 09:00:00,9.75,3
1954,2014-09-23 10:00:00,9.75,3
1955,2014-09-23 11:00:00,9.25,3
1956,2014-09-23 12:00:00,9.0,2
1957,2014-09-23 13:00:00,9.0,2
1958,2014-09-23 14:00:00,10.25,2
1959,2014-09-23 15:00:00,11.0,2
1960,2014-09-23 16:00:00,11.0,2
1961,2014-09-23 17:00:00,10.75,2
1962,2014-09-23 18:00:00,10.0,2
1963,2014-09-23 19:00:00,11.0,3
1964,2014-09-23 20:00:00,10.75,3
1965,2014-09-23 21:00:00,10.5,3
1966,2014-09-23 22:00:00,10.25,3
1967,2014-09-23 23:00:00,10.0,3
1968,2014-09-24 00:00:00,8.75,1
1969,2014-09-24 01:00:00,9.5,1
1970,2014-09-24 02:00:00,10.25,1
1971,2014-09-24 03:00:00,9.5,1
1972,2014-09-24 04:00:00,9.25,1
1973,2014-09-24 05:00:00,10.0,1
1974,2014-09-24 06:00:00,9.0,1
1975,2014-09-24 07:00:00,9.0,3
1976,2014-09-24 08:00:00,9.25,3
1977,2014-09-24 09:00:00,8.75,3
1978,2014-09-24 10:00:00,9.75,3
1979,2014-09-24 11:00:00,9.5,3
1980,2014-09-24 12:00:00,8.5,2
1981,2014-09-24 13:00:00,9.75,2
1982,2014-09-24 14:00:00,11.25,2
1983,2014-09-24 15:00:00,11.0,2
1984,2014-09-24 16:00:00,11.5,2
1985,2014-09-24 17:00:00,11.75,2
1986,2014-09-24 18:00:00,12.25,2
1987,2014-09-24 19:00:00,12.0,3
1988,2014-09-24 20:00:00,12.25,3
1989,2014-09-24 21:00:00,11.25,3
1990,2014-09-24 22:00:00,11.25,3
1991,2014-09-24 23:00:00,11.75,3
1992,2014-09-25 00:00:00,11.25,1
1993,2014-09-25 01:00:00,11.75,1
1994,2014-09-25 02:00:00,11.25,1
1995,2014-09-25 03:00:00,11.75,1
1996,2014-09-25 04:00:00,11.5,1
1997,2014-09-25 05:00:00,11.5,1
1998,2014-09-25 06:00:00,11.0,1
1999,2014-09-25 07:00:00,11.0,3
2000,2014-09-25 08:00:00,11.5,3
2001,2014-09-25 09:00:00,11.75,3
2002,2014-09-25 10:00:00,10.75,3
2003,2014-09-25 11:00:00,12.0,3
2004,2014-09-25 12:00:00,10.75,2
2005,2014-09-25 13:00:00,14.25,2
2006,2014-09-25 14:00:00,14.75,2
2007,2014-09-25 15:00:00,14.75,2
2008,2014-09-25 16:00:00,15.25,2
2009,2014-09-25 17:00:00,14.75,2
2010,2014-09-25 18:00:00,14.75,2
2011,2014-09-25 19:00:00,14.0,3
2012,2014-09-25 20:00:00,14.5,3
2013,2014-09-25 21:00:00,14.25,3
2014,2014-09-25 22:00:00,15.5,3
2015,2014-09-25 23:00:00,14.25,3
2016,2014-09-26 00:00:00,14.75,1
2017,2014-09-26 01:00:00,14.5,1
2018,2014-09-26 02:00:00,14.75,1
2019,2014-09-26 03:00:00,14.75,1
2020,2014-09-26 04:00:00,15.0,1
2021,2014-09-26 05:00:00,14.5,1
2022,2014-09-26 06:00:00,14.25,1
2023,2014-09-26 07:00:00,13.75,3
2024,2014-09-26 08:00:00,14.5,3
2025,2014-09-26 09:00:00,14.0,3
2026,2014-09-26 10:00:00,14.0,3
2027,2014-09-26 11:00:00,15.75,3
2028,2014-09-26 12:00:00,13.75,2
2029,2014-09-26 13:00:00,14.0,2
2030,2014-09-26 14:00:00,14.25,2
2031,2014-09-26 15:00:00,14.75,2
2032,2014-09-26 16:00:00,15.0,2
2033,2014-09-26 17:00:00,14.5,2
2034,2014-09-26 18:00:00,14.0,2
2035,2014-09-26 19:00:00,13.75,3
2036,2014-09-26 20:00:00,14.0,3
2037,2014-09-26 21:00:00,12.0,3
2038,2014-09-26 22:00:00,9.5,3
2039,2014-09-26 23:00:00,10.5,3
2040,2014-09-29 00:00:00,9.0,1
2041,2014-09-29 01:00:00,9.75,1
2042,2014-09-29 02:00:00,9.25,1
2043,2014-09-29 03:00:00,9.5,1
2044,2014-09-29 04:00:00,10.0,1
2045,2014-09-29 05:00:00,9.5,1
2046,2014-09-29 06:00:00,8.5,1
2047,2014-09-29 07:00:00,8.5,3
2048,2014-09-29 08:00:00,8.75,3
2049,2014-09-29 09:00:00,9.25,3
2050,2014-09-29 10:00:00,9.25,3
2051,2014-09-29 11:00:00,10.0,3
2052,2014-09-29 12:00:00,9.0,2
2053,2014-09-29 13:00:00,8.75,2
2054,2014-09-29 14:00:00,9.0,2
2055,2014-09-29 15:00:00,14.25,2
2056,2014-09-29 16:00:00,14.5,2
2057,2014-09-29 17:00:00,14.0,2
2058,2014-09-29 18:00:00,13.25,2
2059,2014-09-29 19:00:00,12.25,3
2060,2014-09-29 20:00:00,12.25,3
2061,2014-09-29 21:00:00,12.75,3
2062,2014-09-29 22:00:00,10.5,3
2063,2014-09-29 23:00:00,12.0,3
2064,2014-09-30 00:00:00,12.25,1
2065,2014-09-30 01:00:00,10.25,1
2066,2014-09-30 02:00:00,9.5,1
2067,2014-09-30 03:00:00,9.25,1
2068,2014-09-30 04:00:00,9.25,1
2069,2014-09-30 05:00:00,8.5,1
2070,2014-09-30 06:00:00,9.25,1
2071,2014-09-30 07:00:00,8.5,3
2072,2014-09-30 08:00:00,9.25,3
2073,2014-09-30 09:00:00,9.5,3
2074,2014-09-30 10:00:00,8.75,3
2075,2014-09-30 11:00:00,9.75,3
2076,2014-09-30 12:00:00,9.25,2
2077,2014-09-30 13:00:00,10.0,2
2078,2014-09-30 14:00:00,9.75,2
2079,2014-09-30 15:00:00,13.25,2
2080,2014-09-30 16:00:00,13.75,2
2081,2014-09-30 17:00:00,12.5,2
2082,2014-09-30 18:00:00,11.75,2
2083,2014-09-30 19:00:00,12.25,3
2084,2014-09-30 20:00:00,12.5,3
2085,2014-09-30 21:00:00,10.75,3
2086,2014-09-30 22:00:00,10.25,3
2087,2014-09-30 23:00:00,10.5,3
