,timestamp,Office_Marla,hour,month
0,2014-06-02 00:00:00,10.5,0,6
1,2014-06-02 01:00:00,8.25,1,6
2,2014-06-02 02:00:00,9.0,2,6
3,2014-06-02 03:00:00,9.0,3,6
4,2014-06-02 04:00:00,9.25,4,6
5,2014-06-02 05:00:00,10.25,5,6
6,2014-06-02 06:00:00,9.0,6,6
7,2014-06-02 07:00:00,12.0,7,6
8,2014-06-02 08:00:00,10.5,8,6
9,2014-06-02 09:00:00,9.5,9,6
10,2014-06-02 10:00:00,9.25,10,6
11,2014-06-02 11:00:00,10.25,11,6
12,2014-06-02 12:00:00,10.75,12,6
13,2014-06-02 13:00:00,13.0,13,6
14,2014-06-02 14:00:00,12.75,14,6
15,2014-06-02 15:00:00,12.25,15,6
16,2014-06-02 16:00:00,14.25,16,6
17,2014-06-02 17:00:00,13.75,17,6
18,2014-06-02 18:00:00,11.75,18,6
19,2014-06-02 19:00:00,11.75,19,6
20,2014-06-02 20:00:00,12.25,20,6
21,2014-06-02 21:00:00,13.75,21,6
22,2014-06-02 22:00:00,12.25,22,6
23,2014-06-02 23:00:00,11.5,23,6
24,2014-06-03 00:00:00,11.5,0,6
25,2014-06-03 01:00:00,11.25,1,6
26,2014-06-03 02:00:00,13.25,2,6
27,2014-06-03 03:00:00,12.75,3,6
28,2014-06-03 04:00:00,12.5,4,6
29,2014-06-03 05:00:00,12.25,5,6
30,2014-06-03 06:00:00,12.0,6,6
31,2014-06-03 07:00:00,12.5,7,6
32,2014-06-03 08:00:00,13.75,8,6
33,2014-06-03 09:00:00,12.0,9,6
34,2014-06-03 10:00:00,13.25,10,6
35,2014-06-03 11:00:00,12.25,11,6
36,2014-06-03 12:00:00,12.5,12,6
37,2014-06-03 13:00:00,12.5,13,6
38,2014-06-03 14:00:00,14.0,14,6
39,2014-06-03 15:00:00,13.25,15,6
40,2014-06-03 16:00:00,12.75,16,6
41,2014-06-03 17:00:00,12.75,17,6
42,2014-06-03 18:00:00,12.75,18,6
43,2014-06-03 19:00:00,12.75,19,6
44,2014-06-03 20:00:00,14.5,20,6
45,2014-06-03 21:00:00,14.0,21,6
46,2014-06-03 22:00:00,12.75,22,6
47,2014-06-03 23:00:00,8.5,23,6
48,2014-06-04 00:00:00,8.75,0,6
49,2014-06-04 01:00:00,8.75,1,6
50,2014-06-04 02:00:00,8.75,2,6
51,2014-06-04 03:00:00,10.75,3,6
52,2014-06-04 04:00:00,9.75,4,6
53,2014-06-04 05:00:00,9.0,5,6
54,2014-06-04 06:00:00,10.0,6,6
55,2014-06-04 07:00:00,10.0,7,6
56,2014-06-04 08:00:00,9.25,8,6
57,2014-06-04 09:00:00,9.75,9,6
58,2014-06-04 10:00:00,10.5,10,6
59,2014-06-04 11:00:00,8.75,11,6
60,2014-06-04 12:00:00,9.0,12,6
61,2014-06-04 13:00:00,10.75,13,6
62,2014-06-04 14:00:00,11.0,14,6
63,2014-06-04 15:00:00,11.0,15,6
64,2014-06-04 16:00:00,14.5,16,6
65,2014-06-04 17:00:00,12.5,17,6
66,2014-06-04 18:00:00,11.25,18,6
67,2014-06-04 19:00:00,11.25,19,6
68,2014-06-04 20:00:00,10.0,20,6
69,2014-06-04 21:00:00,9.75,21,6
70,2014-06-04 22:00:00,9.5,22,6
71,2014-06-04 23:00:00,8.5,23,6
72,2014-06-05 00:00:00,9.5,0,6
73,2014-06-05 01:00:00,10.25,1,6
74,2014-06-05 02:00:00,10.75,2,6
75,2014-06-05 03:00:00,9.75,3,6
76,2014-06-05 04:00:00,10.25,4,6
77,2014-06-05 05:00:00,9.5,5,6
78,2014-06-05 06:00:00,8.0,6,6
79,2014-06-05 07:00:00,9.5,7,6
80,2014-06-05 08:00:00,9.75,8,6
81,2014-06-05 09:00:00,8.5,9,6
82,2014-06-05 10:00:00,9.5,10,6
83,2014-06-05 11:00:00,9.0,11,6
84,2014-06-05 12:00:00,7.75,12,6
85,2014-06-05 13:00:00,8.25,13,6
86,2014-06-05 14:00:00,10.75,14,6
87,2014-06-05 15:00:00,12.25,15,6
88,2014-06-05 16:00:00,11.25,16,6
89,2014-06-05 17:00:00,11.25,17,6
90,2014-06-05 18:00:00,12.0,18,6
91,2014-06-05 19:00:00,12.5,19,6
92,2014-06-05 20:00:00,15.5,20,6
93,2014-06-05 21:00:00,11.75,21,6
94,2014-06-05 22:00:00,10.75,22,6
95,2014-06-05 23:00:00,10.75,23,6
96,2014-06-06 00:00:00,9.75,0,6
97,2014-06-06 01:00:00,9.75,1,6
98,2014-06-06 02:00:00,12.0,2,6
99,2014-06-06 03:00:00,11.0,3,6
100,2014-06-06 04:00:00,11.5,4,6
101,2014-06-06 05:00:00,10.0,5,6
102,2014-06-06 06:00:00,9.75,6,6
103,2014-06-06 07:00:00,9.25,7,6
104,2014-06-06 08:00:00,10.5,8,6
105,2014-06-06 09:00:00,8.75,9,6
106,2014-06-06 10:00:00,9.25,10,6
107,2014-06-06 11:00:00,8.75,11,6
108,2014-06-06 12:00:00,8.0,12,6
109,2014-06-06 13:00:00,10.5,13,6
110,2014-06-06 14:00:00,10.75,14,6
111,2014-06-06 15:00:00,10.5,15,6
112,2014-06-06 16:00:00,12.5,16,6
113,2014-06-06 17:00:00,13.0,17,6
114,2014-06-06 18:00:00,13.25,18,6
115,2014-06-06 19:00:00,12.75,19,6
116,2014-06-06 20:00:00,13.75,20,6
117,2014-06-06 21:00:00,11.5,21,6
118,2014-06-06 22:00:00,12.0,22,6
119,2014-06-06 23:00:00,11.75,23,6
120,2014-06-09 00:00:00,10.5,0,6
121,2014-06-09 01:00:00,9.75,1,6
122,2014-06-09 02:00:00,10.5,2,6
123,2014-06-09 03:00:00,11.75,3,6
124,2014-06-09 04:00:00,11.25,4,6
125,2014-06-09 05:00:00,11.5,5,6
126,2014-06-09 06:00:00,9.75,6,6
127,2014-06-09 07:00:00,9.0,7,6
128,2014-06-09 08:00:00,8.75,8,6
129,2014-06-09 09:00:00,10.0,9,6
130,2014-06-09 10:00:00,10.5,10,6
131,2014-06-09 11:00:00,9.75,11,6
132,2014-06-09 12:00:00,8.75,12,6
133,2014-06-09 13:00:00,9.25,13,6
134,2014-06-09 14:00:00,10.75,14,6
135,2014-06-09 15:00:00,11.25,15,6
136,2014-06-09 16:00:00,12.0,16,6
137,2014-06-09 17:00:00,13.75,17,6
138,2014-06-09 18:00:00,13.5,18,6
139,2014-06-09 19:00:00,10.75,19,6
140,2014-06-09 20:00:00,10.75,20,6
141,2014-06-09 21:00:00,10.5,21,6
142,2014-06-09 22:00:00,12.5,22,6
143,2014-06-09 23:00:00,11.25,23,6
144,2014-06-10 00:00:00,12.5,0,6
145,2014-06-10 01:00:00,11.25,1,6
146,2014-06-10 02:00:00,11.25,2,6
147,2014-06-10 03:00:00,13.25,3,6
148,2014-06-10 04:00:00,12.25,4,6
149,2014-06-10 05:00:00,12.0,5,6
150,2014-06-10 06:00:00,11.75,6,6
151,2014-06-10 07:00:00,12.25,7,6
152,2014-06-10 08:00:00,11.0,8,6
153,2014-06-10 09:00:00,11.25,9,6
154,2014-06-10 10:00:00,13.0,10,6
155,2014-06-10 11:00:00,9.5,11,6
156,2014-06-10 12:00:00,9.5,12,6
157,2014-06-10 13:00:00,11.75,13,6
158,2014-06-10 14:00:00,11.25,14,6
159,2014-06-10 15:00:00,12.5,15,6
160,2014-06-10 16:00:00,14.5,16,6
161,2014-06-10 17:00:00,14.5,17,6
162,2014-06-10 18:00:00,13.25,18,6
163,2014-06-10 19:00:00,15.5,19,6
164,2014-06-10 20:00:00,13.75,20,6
165,2014-06-10 21:00:00,12.25,21,6
166,2014-06-10 22:00:00,11.0,22,6
167,2014-06-10 23:00:00,10.25,23,6
168,2014-06-11 00:00:00,9.5,0,6
169,2014-06-11 01:00:00,11.0,1,6
170,2014-06-11 02:00:00,9.75,2,6
171,2014-06-11 03:00:00,10.25,3,6
172,2014-06-11 04:00:00,11.25,4,6
173,2014-06-11 05:00:00,9.75,5,6
174,2014-06-11 06:00:00,9.0,6,6
175,2014-06-11 07:00:00,11.0,7,6
176,2014-06-11 08:00:00,9.75,8,6
177,2014-06-11 09:00:00,10.5,9,6
178,2014-06-11 10:00:00,11.25,10,6
179,2014-06-11 11:00:00,9.0,11,6
180,2014-06-11 12:00:00,8.25,12,6
181,2014-06-11 13:00:00,10.0,13,6
182,2014-06-11 14:00:00,9.75,14,6
183,2014-06-11 15:00:00,10.75,15,6
184,2014-06-11 16:00:00,12.0,16,6
185,2014-06-11 17:00:00,11.75,17,6
186,2014-06-11 18:00:00,11.5,18,6
187,2014-06-11 19:00:00,11.25,19,6
188,2014-06-11 20:00:00,11.0,20,6
189,2014-06-11 21:00:00,11.0,21,6
190,2014-06-11 22:00:00,9.5,22,6
191,2014-06-11 23:00:00,11.0,23,6
192,2014-06-12 00:00:00,9.75,0,6
193,2014-06-12 01:00:00,10.75,1,6
194,2014-06-12 02:00:00,9.75,2,6
195,2014-06-12 03:00:00,10.0,3,6
196,2014-06-12 04:00:00,10.5,4,6
197,2014-06-12 05:00:00,9.5,5,6
198,2014-06-12 06:00:00,11.0,6,6
199,2014-06-12 07:00:00,11.7,7,6
200,2014-06-12 08:00:00,7.5,8,6
201,2014-06-12 09:00:00,6.5,9,6
202,2014-06-12 10:00:00,7.75,10,6
203,2014-06-12 11:00:00,6.75,11,6
204,2014-06-12 12:00:00,7.75,12,6
205,2014-06-12 13:00:00,8.25,13,6
206,2014-06-12 14:00:00,10.5,14,6
207,2014-06-12 15:00:00,11.75,15,6
208,2014-06-12 16:00:00,12.5,16,6
209,2014-06-12 17:00:00,12.75,17,6
210,2014-06-12 18:00:00,11.75,18,6
211,2014-06-12 19:00:00,12.25,19,6
212,2014-06-12 20:00:00,12.5,20,6
213,2014-06-12 21:00:00,12.0,21,6
214,2014-06-12 22:00:00,11.25,22,6
215,2014-06-12 23:00:00,12.5,23,6
216,2014-06-13 00:00:00,11.75,0,6
217,2014-06-13 01:00:00,11.0,1,6
218,2014-06-13 02:00:00,12.0,2,6
219,2014-06-13 03:00:00,11.75,3,6
220,2014-06-13 04:00:00,12.25,4,6
221,2014-06-13 05:00:00,11.5,5,6
222,2014-06-13 06:00:00,10.5,6,6
223,2014-06-13 07:00:00,11.0,7,6
224,2014-06-13 08:00:00,10.25,8,6
225,2014-06-13 09:00:00,11.5,9,6
226,2014-06-13 10:00:00,10.5,10,6
227,2014-06-13 11:00:00,10.75,11,6
228,2014-06-13 12:00:00,10.5,12,6
229,2014-06-13 13:00:00,10.75,13,6
230,2014-06-13 14:00:00,11.75,14,6
231,2014-06-13 15:00:00,12.0,15,6
232,2014-06-13 16:00:00,12.0,16,6
233,2014-06-13 17:00:00,11.25,17,6
234,2014-06-13 18:00:00,12.0,18,6
235,2014-06-13 19:00:00,11.5,19,6
236,2014-06-13 20:00:00,11.75,20,6
237,2014-06-13 21:00:00,12.75,21,6
238,2014-06-13 22:00:00,13.5,22,6
239,2014-06-13 23:00:00,12.25,23,6
240,2014-06-16 00:00:00,10.75,0,6
241,2014-06-16 01:00:00,9.5,1,6
242,2014-06-16 02:00:00,10.25,2,6
243,2014-06-16 03:00:00,10.0,3,6
244,2014-06-16 04:00:00,10.25,4,6
245,2014-06-16 05:00:00,10.0,5,6
246,2014-06-16 06:00:00,9.75,6,6
247,2014-06-16 07:00:00,9.25,7,6
248,2014-06-16 08:00:00,8.5,8,6
249,2014-06-16 09:00:00,9.75,9,6
250,2014-06-16 10:00:00,8.75,10,6
251,2014-06-16 11:00:00,8.5,11,6
252,2014-06-16 12:00:00,8.5,12,6
253,2014-06-16 13:00:00,9.5,13,6
254,2014-06-16 14:00:00,10.0,14,6
255,2014-06-16 15:00:00,10.5,15,6
256,2014-06-16 16:00:00,11.75,16,6
257,2014-06-16 17:00:00,13.5,17,6
258,2014-06-16 18:00:00,11.75,18,6
259,2014-06-16 19:00:00,10.75,19,6
260,2014-06-16 20:00:00,11.0,20,6
261,2014-06-16 21:00:00,11.75,21,6
262,2014-06-16 22:00:00,10.25,22,6
263,2014-06-16 23:00:00,10.75,23,6
264,2014-06-17 00:00:00,11.25,0,6
265,2014-06-17 01:00:00,10.0,1,6
266,2014-06-17 02:00:00,10.75,2,6
267,2014-06-17 03:00:00,11.25,3,6
268,2014-06-17 04:00:00,10.5,4,6
269,2014-06-17 05:00:00,9.5,5,6
270,2014-06-17 06:00:00,9.5,6,6
271,2014-06-17 07:00:00,9.0,7,6
272,2014-06-17 08:00:00,9.5,8,6
273,2014-06-17 09:00:00,10.0,9,6
274,2014-06-17 10:00:00,8.75,10,6
275,2014-06-17 11:00:00,9.0,11,6
276,2014-06-17 12:00:00,8.75,12,6
277,2014-06-17 13:00:00,9.25,13,6
278,2014-06-17 14:00:00,9.5,14,6
279,2014-06-17 15:00:00,10.75,15,6
280,2014-06-17 16:00:00,12.25,16,6
281,2014-06-17 17:00:00,13.5,17,6
282,2014-06-17 18:00:00,11.25,18,6
283,2014-06-17 19:00:00,10.5,19,6
284,2014-06-17 20:00:00,10.0,20,6
285,2014-06-17 21:00:00,10.25,21,6
286,2014-06-17 22:00:00,10.75,22,6
287,2014-06-17 23:00:00,10.5,23,6
288,2014-06-18 00:00:00,10.75,0,6
289,2014-06-18 01:00:00,10.0,1,6
290,2014-06-18 02:00:00,10.5,2,6
291,2014-06-18 03:00:00,11.25,3,6
292,2014-06-18 04:00:00,10.5,4,6
293,2014-06-18 05:00:00,9.5,5,6
294,2014-06-18 06:00:00,9.75,6,6
295,2014-06-18 07:00:00,9.0,7,6
296,2014-06-18 08:00:00,8.5,8,6
297,2014-06-18 09:00:00,9.75,9,6
298,2014-06-18 10:00:00,8.75,10,6
299,2014-06-18 11:00:00,9.0,11,6
300,2014-06-18 12:00:00,8.75,12,6
301,2014-06-18 13:00:00,9.75,13,6
302,2014-06-18 14:00:00,10.5,14,6
303,2014-06-18 15:00:00,10.0,15,6
304,2014-06-18 16:00:00,10.5,16,6
305,2014-06-18 17:00:00,12.5,17,6
306,2014-06-18 18:00:00,12.25,18,6
307,2014-06-18 19:00:00,10.25,19,6
308,2014-06-18 20:00:00,11.0,20,6
309,2014-06-18 21:00:00,10.75,21,6
310,2014-06-18 22:00:00,10.25,22,6
311,2014-06-18 23:00:00,10.25,23,6
312,2014-06-19 00:00:00,9.75,0,6
313,2014-06-19 01:00:00,10.0,1,6
314,2014-06-19 02:00:00,10.75,2,6
315,2014-06-19 03:00:00,11.0,3,6
316,2014-06-19 04:00:00,10.25,4,6
317,2014-06-19 05:00:00,9.25,5,6
318,2014-06-19 06:00:00,10.0,6,6
319,2014-06-19 07:00:00,9.0,7,6
320,2014-06-19 08:00:00,9.5,8,6
321,2014-06-19 09:00:00,10.25,9,6
322,2014-06-19 10:00:00,9.25,10,6
323,2014-06-19 11:00:00,9.0,11,6
324,2014-06-19 12:00:00,9.75,12,6
325,2014-06-19 13:00:00,9.25,13,6
326,2014-06-19 14:00:00,12.0,14,6
327,2014-06-19 15:00:00,15.0,15,6
328,2014-06-19 16:00:00,15.0,16,6
329,2014-06-19 17:00:00,16.0,17,6
330,2014-06-19 18:00:00,16.0,18,6
331,2014-06-19 19:00:00,15.25,19,6
332,2014-06-19 20:00:00,12.25,20,6
333,2014-06-19 21:00:00,11.5,21,6
334,2014-06-19 22:00:00,10.75,22,6
335,2014-06-19 23:00:00,11.25,23,6
336,2014-06-20 00:00:00,10.0,0,6
337,2014-06-20 01:00:00,10.75,1,6
338,2014-06-20 02:00:00,11.5,2,6
339,2014-06-20 03:00:00,11.0,3,6
340,2014-06-20 04:00:00,11.75,4,6
341,2014-06-20 05:00:00,10.75,5,6
342,2014-06-20 06:00:00,10.25,6,6
343,2014-06-20 07:00:00,10.0,7,6
344,2014-06-20 08:00:00,9.5,8,6
345,2014-06-20 09:00:00,10.25,9,6
346,2014-06-20 10:00:00,9.75,10,6
347,2014-06-20 11:00:00,10.0,11,6
348,2014-06-20 12:00:00,9.75,12,6
349,2014-06-20 13:00:00,10.0,13,6
350,2014-06-20 14:00:00,11.75,14,6
351,2014-06-20 15:00:00,14.25,15,6
352,2014-06-20 16:00:00,14.0,16,6
353,2014-06-20 17:00:00,15.0,17,6
354,2014-06-20 18:00:00,13.75,18,6
355,2014-06-20 19:00:00,14.0,19,6
356,2014-06-20 20:00:00,14.0,20,6
357,2014-06-20 21:00:00,15.0,21,6
358,2014-06-20 22:00:00,11.75,22,6
359,2014-06-20 23:00:00,10.25,23,6
360,2014-06-23 00:00:00,10.0,0,6
361,2014-06-23 01:00:00,10.5,1,6
362,2014-06-23 02:00:00,9.75,2,6
363,2014-06-23 03:00:00,10.75,3,6
364,2014-06-23 04:00:00,10.25,4,6
365,2014-06-23 05:00:00,9.25,5,6
366,2014-06-23 06:00:00,10.0,6,6
367,2014-06-23 07:00:00,8.75,7,6
368,2014-06-23 08:00:00,9.5,8,6
369,2014-06-23 09:00:00,9.75,9,6
370,2014-06-23 10:00:00,8.75,10,6
371,2014-06-23 11:00:00,8.75,11,6
372,2014-06-23 12:00:00,8.75,12,6
373,2014-06-23 13:00:00,8.5,13,6
374,2014-06-23 14:00:00,10.25,14,6
375,2014-06-23 15:00:00,10.5,15,6
376,2014-06-23 16:00:00,10.75,16,6
377,2014-06-23 17:00:00,10.75,17,6
378,2014-06-23 18:00:00,11.25,18,6
379,2014-06-23 19:00:00,11.75,19,6
380,2014-06-23 20:00:00,11.75,20,6
381,2014-06-23 21:00:00,11.0,21,6
382,2014-06-23 22:00:00,10.5,22,6
383,2014-06-23 23:00:00,11.0,23,6
384,2014-06-24 00:00:00,10.0,0,6
385,2014-06-24 01:00:00,10.25,1,6
386,2014-06-24 02:00:00,10.75,2,6
387,2014-06-24 03:00:00,11.25,3,6
388,2014-06-24 04:00:00,11.25,4,6
389,2014-06-24 05:00:00,9.75,5,6
390,2014-06-24 06:00:00,10.25,6,6
391,2014-06-24 07:00:00,10.0,7,6
392,2014-06-24 08:00:00,9.75,8,6
393,2014-06-24 09:00:00,9.0,9,6
394,2014-06-24 10:00:00,9.5,10,6
395,2014-06-24 11:00:00,8.75,11,6
396,2014-06-24 12:00:00,9.0,12,6
397,2014-06-24 13:00:00,9.0,13,6
398,2014-06-24 14:00:00,10.0,14,6
399,2014-06-24 15:00:00,10.25,15,6
400,2014-06-24 16:00:00,9.75,16,6
401,2014-06-24 17:00:00,14.5,17,6
402,2014-06-24 18:00:00,13.75,18,6
403,2014-06-24 19:00:00,14.0,19,6
404,2014-06-24 20:00:00,14.75,20,6
405,2014-06-24 21:00:00,14.0,21,6
406,2014-06-24 22:00:00,12.5,22,6
407,2014-06-24 23:00:00,11.0,23,6
408,2014-06-25 00:00:00,11.75,0,6
409,2014-06-25 01:00:00,11.5,1,6
410,2014-06-25 02:00:00,11.0,2,6
411,2014-06-25 03:00:00,12.0,3,6
412,2014-06-25 04:00:00,11.5,4,6
413,2014-06-25 05:00:00,11.25,5,6
414,2014-06-25 06:00:00,11.5,6,6
415,2014-06-25 07:00:00,10.0,7,6
416,2014-06-25 08:00:00,10.75,8,6
417,2014-06-25 09:00:00,9.75,9,6
418,2014-06-25 10:00:00,10.25,10,6
419,2014-06-25 11:00:00,9.5,11,6
420,2014-06-25 12:00:00,9.5,12,6
421,2014-06-25 13:00:00,11.0,13,6
422,2014-06-25 14:00:00,10.75,14,6
423,2014-06-25 15:00:00,10.75,15,6
424,2014-06-25 16:00:00,11.0,16,6
425,2014-06-25 17:00:00,11.0,17,6
426,2014-06-25 18:00:00,11.0,18,6
427,2014-06-25 19:00:00,10.5,19,6
428,2014-06-25 20:00:00,11.75,20,6
429,2014-06-25 21:00:00,11.25,21,6
430,2014-06-25 22:00:00,11.75,22,6
431,2014-06-25 23:00:00,11.0,23,6
432,2014-06-26 00:00:00,11.5,0,6
433,2014-06-26 01:00:00,11.0,1,6
434,2014-06-26 02:00:00,11.75,2,6
435,2014-06-26 03:00:00,11.5,3,6
436,2014-06-26 04:00:00,11.75,4,6
437,2014-06-26 05:00:00,10.75,5,6
438,2014-06-26 06:00:00,11.0,6,6
439,2014-06-26 07:00:00,10.25,7,6
440,2014-06-26 08:00:00,10.0,8,6
441,2014-06-26 09:00:00,10.0,9,6
442,2014-06-26 10:00:00,10.25,10,6
443,2014-06-26 11:00:00,9.75,11,6
444,2014-06-26 12:00:00,9.75,12,6
445,2014-06-26 13:00:00,10.0,13,6
446,2014-06-26 14:00:00,11.25,14,6
447,2014-06-26 15:00:00,11.0,15,6
448,2014-06-26 16:00:00,11.25,16,6
449,2014-06-26 17:00:00,11.5,17,6
450,2014-06-26 18:00:00,12.0,18,6
451,2014-06-26 19:00:00,11.25,19,6
452,2014-06-26 20:00:00,11.0,20,6
453,2014-06-26 21:00:00,11.25,21,6
454,2014-06-26 22:00:00,11.25,22,6
455,2014-06-26 23:00:00,11.25,23,6
456,2014-06-27 00:00:00,10.75,0,6
457,2014-06-27 01:00:00,9.75,1,6
458,2014-06-27 02:00:00,10.5,2,6
459,2014-06-27 03:00:00,11.5,3,6
460,2014-06-27 04:00:00,10.5,4,6
461,2014-06-27 05:00:00,11.75,5,6
462,2014-06-27 06:00:00,9.75,6,6
463,2014-06-27 07:00:00,9.25,7,6
464,2014-06-27 08:00:00,10.75,8,6
465,2014-06-27 09:00:00,9.0,9,6
466,2014-06-27 10:00:00,9.5,10,6
467,2014-06-27 11:00:00,9.25,11,6
468,2014-06-27 12:00:00,9.0,12,6
469,2014-06-27 13:00:00,9.25,13,6
470,2014-06-27 14:00:00,10.25,14,6
471,2014-06-27 15:00:00,10.75,15,6
472,2014-06-27 16:00:00,10.5,16,6
473,2014-06-27 17:00:00,10.75,17,6
474,2014-06-27 18:00:00,10.75,18,6
475,2014-06-27 19:00:00,10.25,19,6
476,2014-06-27 20:00:00,10.5,20,6
477,2014-06-27 21:00:00,10.25,21,6
478,2014-06-27 22:00:00,10.75,22,6
479,2014-06-27 23:00:00,10.0,23,6
480,2014-06-30 00:00:00,10.0,0,6
481,2014-06-30 01:00:00,9.75,1,6
482,2014-06-30 02:00:00,10.25,2,6
483,2014-06-30 03:00:00,10.5,3,6
484,2014-06-30 04:00:00,10.75,4,6
485,2014-06-30 05:00:00,9.75,5,6
486,2014-06-30 06:00:00,9.5,6,6
487,2014-06-30 07:00:00,9.5,7,6
488,2014-06-30 08:00:00,9.25,8,6
489,2014-06-30 09:00:00,8.5,9,6
490,2014-06-30 10:00:00,9.5,10,6
491,2014-06-30 11:00:00,8.5,11,6
492,2014-06-30 12:00:00,8.25,12,6
493,2014-06-30 13:00:00,9.0,13,6
494,2014-06-30 14:00:00,10.25,14,6
495,2014-06-30 15:00:00,13.25,15,6
496,2014-06-30 16:00:00,12.25,16,6
497,2014-06-30 17:00:00,12.5,17,6
498,2014-06-30 18:00:00,14.0,18,6
499,2014-06-30 19:00:00,13.0,19,6
500,2014-06-30 20:00:00,11.75,20,6
501,2014-06-30 21:00:00,9.75,21,6
502,2014-06-30 22:00:00,11.0,22,6
503,2014-06-30 23:00:00,10.75,23,6
504,2014-07-01 00:00:00,10.5,0,7
505,2014-07-01 01:00:00,10.0,1,7
506,2014-07-01 02:00:00,11.0,2,7
507,2014-07-01 03:00:00,10.0,3,7
508,2014-07-01 04:00:00,10.75,4,7
509,2014-07-01 05:00:00,9.0,5,7
510,2014-07-01 06:00:00,10.0,6,7
511,2014-07-01 07:00:00,9.0,7,7
512,2014-07-01 08:00:00,9.5,8,7
513,2014-07-01 09:00:00,10.5,9,7
514,2014-07-01 10:00:00,9.25,10,7
515,2014-07-01 11:00:00,8.75,11,7
516,2014-07-01 12:00:00,9.25,12,7
517,2014-07-01 13:00:00,9.5,13,7
518,2014-07-01 14:00:00,10.75,14,7
519,2014-07-01 15:00:00,13.0,15,7
520,2014-07-01 16:00:00,14.5,16,7
521,2014-07-01 17:00:00,14.75,17,7
522,2014-07-01 18:00:00,12.5,18,7
523,2014-07-01 19:00:00,10.75,19,7
524,2014-07-01 20:00:00,11.25,20,7
525,2014-07-01 21:00:00,10.25,21,7
526,2014-07-01 22:00:00,11.5,22,7
527,2014-07-01 23:00:00,11.5,23,7
528,2014-07-02 00:00:00,12.25,0,7
529,2014-07-02 01:00:00,11.25,1,7
530,2014-07-02 02:00:00,11.25,2,7
531,2014-07-02 03:00:00,10.25,3,7
532,2014-07-02 04:00:00,11.75,4,7
533,2014-07-02 05:00:00,10.0,5,7
534,2014-07-02 06:00:00,10.75,6,7
535,2014-07-02 07:00:00,10.0,7,7
536,2014-07-02 08:00:00,10.0,8,7
537,2014-07-02 09:00:00,9.0,9,7
538,2014-07-02 10:00:00,9.25,10,7
539,2014-07-02 11:00:00,9.25,11,7
540,2014-07-02 12:00:00,9.25,12,7
541,2014-07-02 13:00:00,9.5,13,7
542,2014-07-02 14:00:00,11.5,14,7
543,2014-07-02 15:00:00,12.75,15,7
544,2014-07-02 16:00:00,11.75,16,7
545,2014-07-02 17:00:00,10.5,17,7
546,2014-07-02 18:00:00,10.75,18,7
547,2014-07-02 19:00:00,10.5,19,7
548,2014-07-02 20:00:00,11.0,20,7
549,2014-07-02 21:00:00,10.0,21,7
550,2014-07-02 22:00:00,11.75,22,7
551,2014-07-02 23:00:00,10.25,23,7
552,2014-07-03 00:00:00,9.5,0,7
553,2014-07-03 01:00:00,10.5,1,7
554,2014-07-03 02:00:00,10.5,2,7
555,2014-07-03 03:00:00,11.25,3,7
556,2014-07-03 04:00:00,11.0,4,7
557,2014-07-03 05:00:00,9.75,5,7
558,2014-07-03 06:00:00,10.0,6,7
559,2014-07-03 07:00:00,9.25,7,7
560,2014-07-03 08:00:00,9.5,8,7
561,2014-07-03 09:00:00,9.0,9,7
562,2014-07-03 10:00:00,9.75,10,7
563,2014-07-03 11:00:00,9.25,11,7
564,2014-07-03 12:00:00,8.75,12,7
565,2014-07-03 13:00:00,9.25,13,7
566,2014-07-03 14:00:00,10.75,14,7
567,2014-07-03 15:00:00,13.0,15,7
568,2014-07-03 16:00:00,11.0,16,7
569,2014-07-03 17:00:00,10.5,17,7
570,2014-07-03 18:00:00,11.25,18,7
571,2014-07-03 19:00:00,10.25,19,7
572,2014-07-03 20:00:00,11.0,20,7
573,2014-07-03 21:00:00,10.0,21,7
574,2014-07-03 22:00:00,10.25,22,7
575,2014-07-03 23:00:00,11.25,23,7
576,2014-07-04 00:00:00,11.0,0,7
577,2014-07-04 01:00:00,10.25,1,7
578,2014-07-04 02:00:00,10.75,2,7
579,2014-07-04 03:00:00,10.75,3,7
580,2014-07-04 04:00:00,11.5,4,7
581,2014-07-04 05:00:00,10.25,5,7
582,2014-07-04 06:00:00,10.5,6,7
583,2014-07-04 07:00:00,9.25,7,7
584,2014-07-04 08:00:00,10.0,8,7
585,2014-07-04 09:00:00,8.75,9,7
586,2014-07-04 10:00:00,10.25,10,7
587,2014-07-04 11:00:00,10.5,11,7
588,2014-07-04 12:00:00,9.25,12,7
589,2014-07-04 13:00:00,9.5,13,7
590,2014-07-04 14:00:00,10.5,14,7
591,2014-07-04 15:00:00,11.5,15,7
592,2014-07-04 16:00:00,10.0,16,7
593,2014-07-04 17:00:00,11.0,17,7
594,2014-07-04 18:00:00,10.25,18,7
595,2014-07-04 19:00:00,10.25,19,7
596,2014-07-04 20:00:00,10.0,20,7
597,2014-07-04 21:00:00,10.5,21,7
598,2014-07-04 22:00:00,10.5,22,7
599,2014-07-04 23:00:00,10.75,23,7
600,2014-07-07 00:00:00,10.5,0,7
601,2014-07-07 01:00:00,9.5,1,7
602,2014-07-07 02:00:00,10.75,2,7
603,2014-07-07 03:00:00,9.75,3,7
604,2014-07-07 04:00:00,11.0,4,7
605,2014-07-07 05:00:00,10.0,5,7
606,2014-07-07 06:00:00,9.25,6,7
607,2014-07-07 07:00:00,9.0,7,7
608,2014-07-07 08:00:00,9.25,8,7
609,2014-07-07 09:00:00,8.75,9,7
610,2014-07-07 10:00:00,9.25,10,7
611,2014-07-07 11:00:00,9.25,11,7
612,2014-07-07 12:00:00,8.75,12,7
613,2014-07-07 13:00:00,9.0,13,7
614,2014-07-07 14:00:00,10.5,14,7
615,2014-07-07 15:00:00,10.0,15,7
616,2014-07-07 16:00:00,10.75,16,7
617,2014-07-07 17:00:00,10.75,17,7
618,2014-07-07 18:00:00,11.0,18,7
619,2014-07-07 19:00:00,13.0,19,7
620,2014-07-07 20:00:00,13.25,20,7
621,2014-07-07 21:00:00,12.0,21,7
622,2014-07-07 22:00:00,11.0,22,7
623,2014-07-07 23:00:00,10.5,23,7
624,2014-07-08 00:00:00,9.75,0,7
625,2014-07-08 01:00:00,10.25,1,7
626,2014-07-08 02:00:00,10.5,2,7
627,2014-07-08 03:00:00,10.75,3,7
628,2014-07-08 04:00:00,9.5,4,7
629,2014-07-08 05:00:00,10.25,5,7
630,2014-07-08 06:00:00,9.5,6,7
631,2014-07-08 07:00:00,9.0,7,7
632,2014-07-08 08:00:00,9.75,8,7
633,2014-07-08 09:00:00,8.75,9,7
634,2014-07-08 10:00:00,9.5,10,7
635,2014-07-08 11:00:00,8.75,11,7
636,2014-07-08 12:00:00,9.0,12,7
637,2014-07-08 13:00:00,11.0,13,7
638,2014-07-08 14:00:00,12.5,14,7
639,2014-07-08 15:00:00,12.25,15,7
640,2014-07-08 16:00:00,12.5,16,7
641,2014-07-08 17:00:00,12.25,17,7
642,2014-07-08 18:00:00,12.5,18,7
643,2014-07-08 19:00:00,12.0,19,7
644,2014-07-08 20:00:00,11.75,20,7
645,2014-07-08 21:00:00,10.5,21,7
646,2014-07-08 22:00:00,11.0,22,7
647,2014-07-08 23:00:00,11.0,23,7
648,2014-07-09 00:00:00,10.5,0,7
649,2014-07-09 01:00:00,10.25,1,7
650,2014-07-09 02:00:00,11.0,2,7
651,2014-07-09 03:00:00,10.5,3,7
652,2014-07-09 04:00:00,11.25,4,7
653,2014-07-09 05:00:00,10.75,5,7
654,2014-07-09 06:00:00,10.25,6,7
655,2014-07-09 07:00:00,10.0,7,7
656,2014-07-09 08:00:00,9.0,8,7
657,2014-07-09 09:00:00,10.0,9,7
658,2014-07-09 10:00:00,9.5,10,7
659,2014-07-09 11:00:00,9.0,11,7
660,2014-07-09 12:00:00,9.75,12,7
661,2014-07-09 13:00:00,9.5,13,7
662,2014-07-09 14:00:00,10.25,14,7
663,2014-07-09 15:00:00,10.75,15,7
664,2014-07-09 16:00:00,10.25,16,7
665,2014-07-09 17:00:00,14.75,17,7
666,2014-07-09 18:00:00,15.0,18,7
667,2014-07-09 19:00:00,14.5,19,7
668,2014-07-09 20:00:00,14.0,20,7
669,2014-07-09 21:00:00,14.75,21,7
670,2014-07-09 22:00:00,11.5,22,7
671,2014-07-09 23:00:00,10.75,23,7
672,2014-07-10 00:00:00,10.25,0,7
673,2014-07-10 01:00:00,10.25,1,7
674,2014-07-10 02:00:00,10.75,2,7
675,2014-07-10 03:00:00,11.75,3,7
676,2014-07-10 04:00:00,12.0,4,7
677,2014-07-10 05:00:00,8.5,5,7
678,2014-07-10 06:00:00,6.0,6,7
679,2014-07-10 07:00:00,7.5,7,7
680,2014-07-10 08:00:00,8.25,8,7
681,2014-07-10 09:00:00,8.0,9,7
682,2014-07-10 10:00:00,8.0,10,7
683,2014-07-10 11:00:00,8.25,11,7
684,2014-07-10 12:00:00,8.0,12,7
685,2014-07-10 13:00:00,8.0,13,7
686,2014-07-10 14:00:00,13.5,14,7
687,2014-07-10 15:00:00,13.75,15,7
688,2014-07-10 16:00:00,13.5,16,7
689,2014-07-10 17:00:00,14.25,17,7
690,2014-07-10 18:00:00,14.25,18,7
691,2014-07-10 19:00:00,13.75,19,7
692,2014-07-10 20:00:00,15.0,20,7
693,2014-07-10 21:00:00,11.25,21,7
694,2014-07-10 22:00:00,10.5,22,7
695,2014-07-10 23:00:00,11.0,23,7
696,2014-07-11 00:00:00,10.5,0,7
697,2014-07-11 01:00:00,10.5,1,7
698,2014-07-11 02:00:00,10.5,2,7
699,2014-07-11 03:00:00,11.25,3,7
700,2014-07-11 04:00:00,11.0,4,7
701,2014-07-11 05:00:00,10.5,5,7
702,2014-07-11 06:00:00,9.5,6,7
703,2014-07-11 07:00:00,9.0,7,7
704,2014-07-11 08:00:00,10.0,8,7
705,2014-07-11 09:00:00,9.5,9,7
706,2014-07-11 10:00:00,10.0,10,7
707,2014-07-11 11:00:00,9.5,11,7
708,2014-07-11 12:00:00,9.5,12,7
709,2014-07-11 13:00:00,9.5,13,7
710,2014-07-11 14:00:00,11.0,14,7
711,2014-07-11 15:00:00,14.0,15,7
712,2014-07-11 16:00:00,13.5,16,7
713,2014-07-11 17:00:00,14.5,17,7
714,2014-07-11 18:00:00,13.5,18,7
715,2014-07-11 19:00:00,14.75,19,7
716,2014-07-11 20:00:00,14.0,20,7
717,2014-07-11 21:00:00,13.5,21,7
718,2014-07-11 22:00:00,12.0,22,7
719,2014-07-11 23:00:00,10.5,23,7
720,2014-07-14 00:00:00,10.75,0,7
721,2014-07-14 01:00:00,10.0,1,7
722,2014-07-14 02:00:00,11.0,2,7
723,2014-07-14 03:00:00,10.0,3,7
724,2014-07-14 04:00:00,10.25,4,7
725,2014-07-14 05:00:00,10.25,5,7
726,2014-07-14 06:00:00,9.75,6,7
727,2014-07-14 07:00:00,9.5,7,7
728,2014-07-14 08:00:00,9.25,8,7
729,2014-07-14 09:00:00,9.75,9,7
730,2014-07-14 10:00:00,9.75,10,7
731,2014-07-14 11:00:00,9.25,11,7
732,2014-07-14 12:00:00,9.25,12,7
733,2014-07-14 13:00:00,9.5,13,7
734,2014-07-14 14:00:00,13.25,14,7
735,2014-07-14 15:00:00,13.75,15,7
736,2014-07-14 16:00:00,14.25,16,7
737,2014-07-14 17:00:00,14.75,17,7
738,2014-07-14 18:00:00,14.5,18,7
739,2014-07-14 19:00:00,14.25,19,7
740,2014-07-14 20:00:00,14.5,20,7
741,2014-07-14 21:00:00,15.5,21,7
742,2014-07-14 22:00:00,10.25,22,7
743,2014-07-14 23:00:00,10.75,23,7
744,2014-07-15 00:00:00,10.25,0,7
745,2014-07-15 01:00:00,10.0,1,7
746,2014-07-15 02:00:00,10.0,2,7
747,2014-07-15 03:00:00,10.5,3,7
748,2014-07-15 04:00:00,10.5,4,7
749,2014-07-15 05:00:00,9.5,5,7
750,2014-07-15 06:00:00,9.75,6,7
751,2014-07-15 07:00:00,9.0,7,7
752,2014-07-15 08:00:00,9.0,8,7
753,2014-07-15 09:00:00,9.5,9,7
754,2014-07-15 10:00:00,9.5,10,7
755,2014-07-15 11:00:00,8.75,11,7
756,2014-07-15 12:00:00,9.0,12,7
757,2014-07-15 13:00:00,10.0,13,7
758,2014-07-15 14:00:00,10.25,14,7
759,2014-07-15 15:00:00,12.0,15,7
760,2014-07-15 16:00:00,13.0,16,7
761,2014-07-15 17:00:00,13.8,17,7
762,2014-07-15 18:00:00,13.5,18,7
763,2014-07-15 19:00:00,13.5,19,7
764,2014-07-15 20:00:00,11.5,20,7
765,2014-07-15 21:00:00,11.0,21,7
766,2014-07-15 22:00:00,10.25,22,7
767,2014-07-15 23:00:00,11.0,23,7
768,2014-07-16 00:00:00,10.25,0,7
769,2014-07-16 01:00:00,10.25,1,7
770,2014-07-16 02:00:00,10.25,2,7
771,2014-07-16 03:00:00,9.75,3,7
772,2014-07-16 04:00:00,10.5,4,7
773,2014-07-16 05:00:00,9.75,5,7
774,2014-07-16 06:00:00,9.75,6,7
775,2014-07-16 07:00:00,9.5,7,7
776,2014-07-16 08:00:00,9.75,8,7
777,2014-07-16 09:00:00,9.5,9,7
778,2014-07-16 10:00:00,9.25,10,7
779,2014-07-16 11:00:00,8.75,11,7
780,2014-07-16 12:00:00,9.25,12,7
781,2014-07-16 13:00:00,9.5,13,7
782,2014-07-16 14:00:00,12.25,14,7
783,2014-07-16 15:00:00,13.25,15,7
784,2014-07-16 16:00:00,13.5,16,7
785,2014-07-16 17:00:00,10.75,17,7
786,2014-07-16 18:00:00,12.0,18,7
787,2014-07-16 19:00:00,11.0,19,7
788,2014-07-16 20:00:00,9.75,20,7
789,2014-07-16 21:00:00,10.75,21,7
790,2014-07-16 22:00:00,10.75,22,7
791,2014-07-16 23:00:00,11.0,23,7
792,2014-07-17 00:00:00,10.5,0,7
793,2014-07-17 01:00:00,10.0,1,7
794,2014-07-17 02:00:00,10.5,2,7
795,2014-07-17 03:00:00,12.25,3,7
796,2014-07-17 04:00:00,10.5,4,7
797,2014-07-17 05:00:00,10.25,5,7
798,2014-07-17 06:00:00,9.75,6,7
799,2014-07-17 07:00:00,9.0,7,7
800,2014-07-17 08:00:00,9.75,8,7
801,2014-07-17 09:00:00,9.0,9,7
802,2014-07-17 10:00:00,10.5,10,7
803,2014-07-17 11:00:00,9.5,11,7
804,2014-07-17 12:00:00,9.75,12,7
805,2014-07-17 13:00:00,9.5,13,7
806,2014-07-17 14:00:00,10.25,14,7
807,2014-07-17 15:00:00,10.75,15,7
808,2014-07-17 16:00:00,12.0,16,7
809,2014-07-17 17:00:00,13.0,17,7
810,2014-07-17 18:00:00,12.25,18,7
811,2014-07-17 19:00:00,12.25,19,7
812,2014-07-17 20:00:00,12.25,20,7
813,2014-07-17 21:00:00,12.75,21,7
814,2014-07-17 22:00:00,10.75,22,7
815,2014-07-17 23:00:00,10.75,23,7
816,2014-07-18 00:00:00,9.5,0,7
817,2014-07-18 01:00:00,9.25,1,7
818,2014-07-18 02:00:00,10.5,2,7
819,2014-07-18 03:00:00,10.0,3,7
820,2014-07-18 04:00:00,10.0,4,7
821,2014-07-18 05:00:00,9.75,5,7
822,2014-07-18 06:00:00,9.5,6,7
823,2014-07-18 07:00:00,9.0,7,7
824,2014-07-18 08:00:00,9.75,8,7
825,2014-07-18 09:00:00,9.5,9,7
826,2014-07-18 10:00:00,9.0,10,7
827,2014-07-18 11:00:00,8.75,11,7
828,2014-07-18 12:00:00,8.5,12,7
829,2014-07-18 13:00:00,9.0,13,7
830,2014-07-18 14:00:00,10.0,14,7
831,2014-07-18 15:00:00,10.0,15,7
832,2014-07-18 16:00:00,10.25,16,7
833,2014-07-18 17:00:00,10.75,17,7
834,2014-07-18 18:00:00,10.5,18,7
835,2014-07-18 19:00:00,10.0,19,7
836,2014-07-18 20:00:00,12.5,20,7
837,2014-07-18 21:00:00,13.75,21,7
838,2014-07-18 22:00:00,14.5,22,7
839,2014-07-18 23:00:00,13.5,23,7
840,2014-07-21 00:00:00,9.5,0,7
841,2014-07-21 01:00:00,9.25,1,7
842,2014-07-21 02:00:00,10.0,2,7
843,2014-07-21 03:00:00,10.0,3,7
844,2014-07-21 04:00:00,10.0,4,7
845,2014-07-21 05:00:00,9.25,5,7
846,2014-07-21 06:00:00,9.75,6,7
847,2014-07-21 07:00:00,8.0,7,7
848,2014-07-21 08:00:00,9.5,8,7
849,2014-07-21 09:00:00,8.5,9,7
850,2014-07-21 10:00:00,8.75,10,7
851,2014-07-21 11:00:00,8.0,11,7
852,2014-07-21 12:00:00,8.5,12,7
853,2014-07-21 13:00:00,8.75,13,7
854,2014-07-21 14:00:00,10.5,14,7
855,2014-07-21 15:00:00,12.75,15,7
856,2014-07-21 16:00:00,13.25,16,7
857,2014-07-21 17:00:00,14.25,17,7
858,2014-07-21 18:00:00,14.75,18,7
859,2014-07-21 19:00:00,14.75,19,7
860,2014-07-21 20:00:00,13.75,20,7
861,2014-07-21 21:00:00,10.25,21,7
862,2014-07-21 22:00:00,10.25,22,7
863,2014-07-21 23:00:00,10.0,23,7
864,2014-07-22 00:00:00,9.75,0,7
865,2014-07-22 01:00:00,10.0,1,7
866,2014-07-22 02:00:00,10.0,2,7
867,2014-07-22 03:00:00,11.0,3,7
868,2014-07-22 04:00:00,10.75,4,7
869,2014-07-22 05:00:00,9.5,5,7
870,2014-07-22 06:00:00,8.75,6,7
871,2014-07-22 07:00:00,9.5,7,7
872,2014-07-22 08:00:00,9.0,8,7
873,2014-07-22 09:00:00,9.0,9,7
874,2014-07-22 10:00:00,8.75,10,7
875,2014-07-22 11:00:00,9.0,11,7
876,2014-07-22 12:00:00,8.25,12,7
877,2014-07-22 13:00:00,9.25,13,7
878,2014-07-22 14:00:00,10.25,14,7
879,2014-07-22 15:00:00,10.75,15,7
880,2014-07-22 16:00:00,10.75,16,7
881,2014-07-22 17:00:00,10.5,17,7
882,2014-07-22 18:00:00,10.0,18,7
883,2014-07-22 19:00:00,10.75,19,7
884,2014-07-22 20:00:00,10.0,20,7
885,2014-07-22 21:00:00,10.5,21,7
886,2014-07-22 22:00:00,10.0,22,7
887,2014-07-22 23:00:00,11.0,23,7
888,2014-07-23 00:00:00,10.5,0,7
889,2014-07-23 01:00:00,10.75,1,7
890,2014-07-23 02:00:00,10.5,2,7
891,2014-07-23 03:00:00,10.5,3,7
892,2014-07-23 04:00:00,10.75,4,7
893,2014-07-23 05:00:00,9.5,5,7
894,2014-07-23 06:00:00,9.5,6,7
895,2014-07-23 07:00:00,8.75,7,7
896,2014-07-23 08:00:00,9.5,8,7
897,2014-07-23 09:00:00,9.5,9,7
898,2014-07-23 10:00:00,9.0,10,7
899,2014-07-23 11:00:00,8.25,11,7
900,2014-07-23 12:00:00,8.25,12,7
901,2014-07-23 13:00:00,9.5,13,7
902,2014-07-23 14:00:00,10.0,14,7
903,2014-07-23 15:00:00,11.5,15,7
904,2014-07-23 16:00:00,13.0,16,7
905,2014-07-23 17:00:00,13.75,17,7
906,2014-07-23 18:00:00,13.0,18,7
907,2014-07-23 19:00:00,10.75,19,7
908,2014-07-23 20:00:00,11.5,20,7
909,2014-07-23 21:00:00,11.0,21,7
910,2014-07-23 22:00:00,12.0,22,7
911,2014-07-23 23:00:00,10.5,23,7
912,2014-07-24 00:00:00,11.0,0,7
913,2014-07-24 01:00:00,10.0,1,7
914,2014-07-24 02:00:00,11.75,2,7
915,2014-07-24 03:00:00,11.75,3,7
916,2014-07-24 04:00:00,11.0,4,7
917,2014-07-24 05:00:00,11.0,5,7
918,2014-07-24 06:00:00,10.5,6,7
919,2014-07-24 07:00:00,10.75,7,7
920,2014-07-24 08:00:00,10.75,8,7
921,2014-07-24 09:00:00,10.25,9,7
922,2014-07-24 10:00:00,10.0,10,7
923,2014-07-24 11:00:00,9.75,11,7
924,2014-07-24 12:00:00,9.5,12,7
925,2014-07-24 13:00:00,10.5,13,7
926,2014-07-24 14:00:00,11.5,14,7
927,2014-07-24 15:00:00,11.75,15,7
928,2014-07-24 16:00:00,13.5,16,7
929,2014-07-24 17:00:00,14.25,17,7
930,2014-07-24 18:00:00,14.75,18,7
931,2014-07-24 19:00:00,14.25,19,7
932,2014-07-24 20:00:00,14.25,20,7
933,2014-07-24 21:00:00,14.0,21,7
934,2014-07-24 22:00:00,14.75,22,7
935,2014-07-24 23:00:00,15.5,23,7
936,2014-07-25 00:00:00,13.75,0,7
937,2014-07-25 01:00:00,14.75,1,7
938,2014-07-25 02:00:00,14.75,2,7
939,2014-07-25 03:00:00,15.5,3,7
940,2014-07-25 04:00:00,14.75,4,7
941,2014-07-25 05:00:00,14.5,5,7
942,2014-07-25 06:00:00,14.75,6,7
943,2014-07-25 07:00:00,14.0,7,7
944,2014-07-25 08:00:00,14.5,8,7
945,2014-07-25 09:00:00,13.75,9,7
946,2014-07-25 10:00:00,14.5,10,7
947,2014-07-25 11:00:00,14.0,11,7
948,2014-07-25 12:00:00,14.0,12,7
949,2014-07-25 13:00:00,14.0,13,7
950,2014-07-25 14:00:00,14.5,14,7
951,2014-07-25 15:00:00,14.0,15,7
952,2014-07-25 16:00:00,14.0,16,7
953,2014-07-25 17:00:00,14.75,17,7
954,2014-07-25 18:00:00,14.5,18,7
955,2014-07-25 19:00:00,14.25,19,7
956,2014-07-25 20:00:00,14.0,20,7
957,2014-07-25 21:00:00,14.0,21,7
958,2014-07-25 22:00:00,14.5,22,7
959,2014-07-25 23:00:00,13.0,23,7
960,2014-07-28 00:00:00,10.25,0,7
961,2014-07-28 01:00:00,9.5,1,7
962,2014-07-28 02:00:00,10.75,2,7
963,2014-07-28 03:00:00,9.5,3,7
964,2014-07-28 04:00:00,10.0,4,7
965,2014-07-28 05:00:00,10.0,5,7
966,2014-07-28 06:00:00,8.75,6,7
967,2014-07-28 07:00:00,9.0,7,7
968,2014-07-28 08:00:00,9.5,8,7
969,2014-07-28 09:00:00,9.75,9,7
970,2014-07-28 10:00:00,9.0,10,7
971,2014-07-28 11:00:00,9.25,11,7
972,2014-07-28 12:00:00,8.5,12,7
973,2014-07-28 13:00:00,9.0,13,7
974,2014-07-28 14:00:00,10.25,14,7
975,2014-07-28 15:00:00,9.75,15,7
976,2014-07-28 16:00:00,10.25,16,7
977,2014-07-28 17:00:00,10.25,17,7
978,2014-07-28 18:00:00,10.0,18,7
979,2014-07-28 19:00:00,10.75,19,7
980,2014-07-28 20:00:00,10.75,20,7
981,2014-07-28 21:00:00,10.5,21,7
982,2014-07-28 22:00:00,10.25,22,7
983,2014-07-28 23:00:00,10.75,23,7
984,2014-07-29 00:00:00,10.0,0,7
985,2014-07-29 01:00:00,9.25,1,7
986,2014-07-29 02:00:00,11.75,2,7
987,2014-07-29 03:00:00,10.5,3,7
988,2014-07-29 04:00:00,11.0,4,7
989,2014-07-29 05:00:00,9.5,5,7
990,2014-07-29 06:00:00,10.0,6,7
991,2014-07-29 07:00:00,10.0,7,7
992,2014-07-29 08:00:00,9.25,8,7
993,2014-07-29 09:00:00,9.25,9,7
994,2014-07-29 10:00:00,9.75,10,7
995,2014-07-29 11:00:00,9.5,11,7
996,2014-07-29 12:00:00,8.5,12,7
997,2014-07-29 13:00:00,10.0,13,7
998,2014-07-29 14:00:00,10.75,14,7
999,2014-07-29 15:00:00,10.0,15,7
1000,2014-07-29 16:00:00,10.25,16,7
1001,2014-07-29 17:00:00,10.75,17,7
1002,2014-07-29 18:00:00,10.25,18,7
1003,2014-07-29 19:00:00,10.25,19,7
1004,2014-07-29 20:00:00,10.5,20,7
1005,2014-07-29 21:00:00,9.75,21,7
1006,2014-07-29 22:00:00,10.5,22,7
1007,2014-07-29 23:00:00,10.25,23,7
1008,2014-07-30 00:00:00,9.75,0,7
1009,2014-07-30 01:00:00,10.0,1,7
1010,2014-07-30 02:00:00,10.25,2,7
1011,2014-07-30 03:00:00,10.5,3,7
1012,2014-07-30 04:00:00,10.5,4,7
1013,2014-07-30 05:00:00,9.25,5,7
1014,2014-07-30 06:00:00,9.5,6,7
1015,2014-07-30 07:00:00,9.5,7,7
1016,2014-07-30 08:00:00,9.25,8,7
1017,2014-07-30 09:00:00,9.25,9,7
1018,2014-07-30 10:00:00,10.0,10,7
1019,2014-07-30 11:00:00,8.5,11,7
1020,2014-07-30 12:00:00,8.5,12,7
1021,2014-07-30 13:00:00,9.5,13,7
1022,2014-07-30 14:00:00,9.75,14,7
1023,2014-07-30 15:00:00,10.25,15,7
1024,2014-07-30 16:00:00,10.0,16,7
1025,2014-07-30 17:00:00,11.25,17,7
1026,2014-07-30 18:00:00,14.5,18,7
1027,2014-07-30 19:00:00,13.75,19,7
1028,2014-07-30 20:00:00,9.25,20,7
1029,2014-07-30 21:00:00,10.25,21,7
1030,2014-07-30 22:00:00,10.0,22,7
1031,2014-07-30 23:00:00,9.25,23,7
1032,2014-07-31 00:00:00,9.75,0,7
1033,2014-07-31 01:00:00,9.75,1,7
1034,2014-07-31 02:00:00,9.75,2,7
1035,2014-07-31 03:00:00,10.5,3,7
1036,2014-07-31 04:00:00,10.25,4,7
1037,2014-07-31 05:00:00,9.25,5,7
1038,2014-07-31 06:00:00,8.75,6,7
1039,2014-07-31 07:00:00,9.25,7,7
1040,2014-07-31 08:00:00,10.0,8,7
1041,2014-07-31 09:00:00,9.25,9,7
1042,2014-07-31 10:00:00,9.25,10,7
1043,2014-07-31 11:00:00,8.75,11,7
1044,2014-07-31 12:00:00,8.25,12,7
1045,2014-07-31 13:00:00,9.0,13,7
1046,2014-07-31 14:00:00,9.25,14,7
1047,2014-07-31 15:00:00,13.0,15,7
1048,2014-07-31 16:00:00,13.0,16,7
1049,2014-07-31 17:00:00,13.0,17,7
1050,2014-07-31 18:00:00,9.25,18,7
1051,2014-07-31 19:00:00,9.75,19,7
1052,2014-07-31 20:00:00,9.5,20,7
1053,2014-07-31 21:00:00,9.5,21,7
1054,2014-07-31 22:00:00,10.75,22,7
1055,2014-07-31 23:00:00,10.0,23,7
1056,2014-08-01 00:00:00,9.5,0,8
1057,2014-08-01 01:00:00,10.0,1,8
1058,2014-08-01 02:00:00,10.25,2,8
1059,2014-08-01 03:00:00,9.75,3,8
1060,2014-08-01 04:00:00,10.5,4,8
1061,2014-08-01 05:00:00,9.5,5,8
1062,2014-08-01 06:00:00,9.25,6,8
1063,2014-08-01 07:00:00,9.25,7,8
1064,2014-08-01 08:00:00,8.0,8,8
1065,2014-08-01 09:00:00,9.25,9,8
1066,2014-08-01 10:00:00,9.5,10,8
1067,2014-08-01 11:00:00,8.5,11,8
1068,2014-08-01 12:00:00,8.0,12,8
1069,2014-08-01 13:00:00,10.25,13,8
1070,2014-08-01 14:00:00,9.75,14,8
1071,2014-08-01 15:00:00,9.25,15,8
1072,2014-08-01 16:00:00,10.25,16,8
1073,2014-08-01 17:00:00,11.0,17,8
1074,2014-08-01 18:00:00,9.75,18,8
1075,2014-08-01 19:00:00,9.25,19,8
1076,2014-08-01 20:00:00,11.0,20,8
1077,2014-08-01 21:00:00,11.0,21,8
1078,2014-08-01 22:00:00,10.5,22,8
1079,2014-08-01 23:00:00,9.75,23,8
1080,2014-08-04 00:00:00,9.75,0,8
1081,2014-08-04 01:00:00,9.0,1,8
1082,2014-08-04 02:00:00,10.5,2,8
1083,2014-08-04 03:00:00,10.0,3,8
1084,2014-08-04 04:00:00,10.25,4,8
1085,2014-08-04 05:00:00,9.0,5,8
1086,2014-08-04 06:00:00,8.75,6,8
1087,2014-08-04 07:00:00,9.5,7,8
1088,2014-08-04 08:00:00,9.0,8,8
1089,2014-08-04 09:00:00,9.25,9,8
1090,2014-08-04 10:00:00,8.75,10,8
1091,2014-08-04 11:00:00,9.0,11,8
1092,2014-08-04 12:00:00,8.75,12,8
1093,2014-08-04 13:00:00,9.75,13,8
1094,2014-08-04 14:00:00,10.25,14,8
1095,2014-08-04 15:00:00,9.5,15,8
1096,2014-08-04 16:00:00,12.0,16,8
1097,2014-08-04 17:00:00,13.75,17,8
1098,2014-08-04 18:00:00,10.75,18,8
1099,2014-08-04 19:00:00,10.0,19,8
1100,2014-08-04 20:00:00,10.75,20,8
1101,2014-08-04 21:00:00,11.0,21,8
1102,2014-08-04 22:00:00,10.25,22,8
1103,2014-08-04 23:00:00,11.0,23,8
1104,2014-08-05 00:00:00,10.25,0,8
1105,2014-08-05 01:00:00,10.0,1,8
1106,2014-08-05 02:00:00,10.5,2,8
1107,2014-08-05 03:00:00,10.75,3,8
1108,2014-08-05 04:00:00,11.75,4,8
1109,2014-08-05 05:00:00,9.75,5,8
1110,2014-08-05 06:00:00,9.0,6,8
1111,2014-08-05 07:00:00,10.25,7,8
1112,2014-08-05 08:00:00,9.0,8,8
1113,2014-08-05 09:00:00,9.75,9,8
1114,2014-08-05 10:00:00,9.0,10,8
1115,2014-08-05 11:00:00,9.25,11,8
1116,2014-08-05 12:00:00,8.75,12,8
1117,2014-08-05 13:00:00,10.0,13,8
1118,2014-08-05 14:00:00,10.25,14,8
1119,2014-08-05 15:00:00,10.0,15,8
1120,2014-08-05 16:00:00,12.5,16,8
1121,2014-08-05 17:00:00,15.0,17,8
1122,2014-08-05 18:00:00,13.25,18,8
1123,2014-08-05 19:00:00,10.0,19,8
1124,2014-08-05 20:00:00,10.75,20,8
1125,2014-08-05 21:00:00,11.0,21,8
1126,2014-08-05 22:00:00,10.25,22,8
1127,2014-08-05 23:00:00,11.0,23,8
1128,2014-08-06 00:00:00,10.25,0,8
1129,2014-08-06 01:00:00,10.0,1,8
1130,2014-08-06 02:00:00,10.5,2,8
1131,2014-08-06 03:00:00,10.75,3,8
1132,2014-08-06 04:00:00,11.75,4,8
1133,2014-08-06 05:00:00,9.75,5,8
1134,2014-08-06 06:00:00,9.0,6,8
1135,2014-08-06 07:00:00,10.25,7,8
1136,2014-08-06 08:00:00,9.0,8,8
1137,2014-08-06 09:00:00,9.75,9,8
1138,2014-08-06 10:00:00,9.0,10,8
1139,2014-08-06 11:00:00,9.25,11,8
1140,2014-08-06 12:00:00,8.75,12,8
1141,2014-08-06 13:00:00,10.0,13,8
1142,2014-08-06 14:00:00,10.25,14,8
1143,2014-08-06 15:00:00,10.0,15,8
1144,2014-08-06 16:00:00,12.5,16,8
1145,2014-08-06 17:00:00,15.0,17,8
1146,2014-08-06 18:00:00,13.25,18,8
1147,2014-08-06 19:00:00,14.625,19,8
1148,2014-08-06 20:00:00,16.0,20,8
1149,2014-08-06 21:00:00,15.0,21,8
1150,2014-08-06 22:00:00,14.5,22,8
1151,2014-08-06 23:00:00,14.75,23,8
1152,2014-08-07 00:00:00,14.0,0,8
1153,2014-08-07 01:00:00,15.5,1,8
1154,2014-08-07 02:00:00,15.25,2,8
1155,2014-08-07 03:00:00,15.0,3,8
1156,2014-08-07 04:00:00,15.25,4,8
1157,2014-08-07 05:00:00,14.5,5,8
1158,2014-08-07 06:00:00,14.0,6,8
1159,2014-08-07 07:00:00,14.0,7,8
1160,2014-08-07 08:00:00,13.75,8,8
1161,2014-08-07 09:00:00,13.0,9,8
1162,2014-08-07 10:00:00,14.0,10,8
1163,2014-08-07 11:00:00,14.25,11,8
1164,2014-08-07 12:00:00,13.0,12,8
1165,2014-08-07 13:00:00,14.0,13,8
1166,2014-08-07 14:00:00,12.25,14,8
1167,2014-08-07 15:00:00,10.5,15,8
1168,2014-08-07 16:00:00,10.25,16,8
1169,2014-08-07 17:00:00,11.25,17,8
1170,2014-08-07 18:00:00,12.75,18,8
1171,2014-08-07 19:00:00,13.5,19,8
1172,2014-08-07 20:00:00,13.75,20,8
1173,2014-08-07 21:00:00,13.25,21,8
1174,2014-08-07 22:00:00,10.0,22,8
1175,2014-08-07 23:00:00,10.25,23,8
1176,2014-08-08 00:00:00,9.75,0,8
1177,2014-08-08 01:00:00,10.0,1,8
1178,2014-08-08 02:00:00,10.5,2,8
1179,2014-08-08 03:00:00,10.25,3,8
1180,2014-08-08 04:00:00,10.5,4,8
1181,2014-08-08 05:00:00,9.5,5,8
1182,2014-08-08 06:00:00,9.0,6,8
1183,2014-08-08 07:00:00,9.5,7,8
1184,2014-08-08 08:00:00,9.0,8,8
1185,2014-08-08 09:00:00,9.0,9,8
1186,2014-08-08 10:00:00,10.25,10,8
1187,2014-08-08 11:00:00,9.0,11,8
1188,2014-08-08 12:00:00,8.5,12,8
1189,2014-08-08 13:00:00,9.75,13,8
1190,2014-08-08 14:00:00,12.25,14,8
1191,2014-08-08 15:00:00,12.5,15,8
1192,2014-08-08 16:00:00,12.5,16,8
1193,2014-08-08 17:00:00,13.75,17,8
1194,2014-08-08 18:00:00,12.5,18,8
1195,2014-08-08 19:00:00,12.5,19,8
1196,2014-08-08 20:00:00,13.25,20,8
1197,2014-08-08 21:00:00,11.0,21,8
1198,2014-08-08 22:00:00,10.5,22,8
1199,2014-08-08 23:00:00,11.25,23,8
1200,2014-08-11 00:00:00,10.0,0,8
1201,2014-08-11 01:00:00,11.5,1,8
1202,2014-08-11 02:00:00,10.75,2,8
1203,2014-08-11 03:00:00,11.5,3,8
1204,2014-08-11 04:00:00,11.25,4,8
1205,2014-08-11 05:00:00,10.25,5,8
1206,2014-08-11 06:00:00,11.75,6,8
1207,2014-08-11 07:00:00,9.75,7,8
1208,2014-08-11 08:00:00,10.25,8,8
1209,2014-08-11 09:00:00,10.75,9,8
1210,2014-08-11 10:00:00,10.0,10,8
1211,2014-08-11 11:00:00,10.75,11,8
1212,2014-08-11 12:00:00,9.5,12,8
1213,2014-08-11 13:00:00,10.25,13,8
1214,2014-08-11 14:00:00,10.75,14,8
1215,2014-08-11 15:00:00,14.0,15,8
1216,2014-08-11 16:00:00,15.75,16,8
1217,2014-08-11 17:00:00,14.25,17,8
1218,2014-08-11 18:00:00,15.125,18,8
1219,2014-08-11 19:00:00,15.125,19,8
1220,2014-08-11 20:00:00,16.0,20,8
1221,2014-08-11 21:00:00,15.0,21,8
1222,2014-08-11 22:00:00,10.5,22,8
1223,2014-08-11 23:00:00,10.5,23,8
1224,2014-08-12 00:00:00,10.0,0,8
1225,2014-08-12 01:00:00,10.75,1,8
1226,2014-08-12 02:00:00,10.25,2,8
1227,2014-08-12 03:00:00,10.0,3,8
1228,2014-08-12 04:00:00,10.75,4,8
1229,2014-08-12 05:00:00,9.25,5,8
1230,2014-08-12 06:00:00,9.0,6,8
1231,2014-08-12 07:00:00,10.75,7,8
1232,2014-08-12 08:00:00,9.5,8,8
1233,2014-08-12 09:00:00,9.5,9,8
1234,2014-08-12 10:00:00,9.75,10,8
1235,2014-08-12 11:00:00,9.5,11,8
1236,2014-08-12 12:00:00,8.75,12,8
1237,2014-08-12 13:00:00,9.5,13,8
1238,2014-08-12 14:00:00,10.0,14,8
1239,2014-08-12 15:00:00,10.75,15,8
1240,2014-08-12 16:00:00,10.25,16,8
1241,2014-08-12 17:00:00,11.0,17,8
1242,2014-08-12 18:00:00,13.5,18,8
1243,2014-08-12 19:00:00,13.5,19,8
1244,2014-08-12 20:00:00,13.25,20,8
1245,2014-08-12 21:00:00,11.5,21,8
1246,2014-08-12 22:00:00,10.25,22,8
1247,2014-08-12 23:00:00,10.5,23,8
1248,2014-08-13 00:00:00,10.0,0,8
1249,2014-08-13 01:00:00,11.5,1,8
1250,2014-08-13 02:00:00,10.0,2,8
1251,2014-08-13 03:00:00,10.25,3,8
1252,2014-08-13 04:00:00,10.25,4,8
1253,2014-08-13 05:00:00,9.5,5,8
1254,2014-08-13 06:00:00,9.25,6,8
1255,2014-08-13 07:00:00,9.5,7,8
1256,2014-08-13 08:00:00,9.25,8,8
1257,2014-08-13 09:00:00,10.25,9,8
1258,2014-08-13 10:00:00,9.5,10,8
1259,2014-08-13 11:00:00,9.25,11,8
1260,2014-08-13 12:00:00,8.5,12,8
1261,2014-08-13 13:00:00,9.75,13,8
1262,2014-08-13 14:00:00,9.5,14,8
1263,2014-08-13 15:00:00,11.25,15,8
1264,2014-08-13 16:00:00,11.0,16,8
1265,2014-08-13 17:00:00,11.5,17,8
1266,2014-08-13 18:00:00,12.0,18,8
1267,2014-08-13 19:00:00,12.5,19,8
1268,2014-08-13 20:00:00,12.5,20,8
1269,2014-08-13 21:00:00,12.25,21,8
1270,2014-08-13 22:00:00,12.25,22,8
1271,2014-08-13 23:00:00,13.25,23,8
1272,2014-08-14 00:00:00,12.0,0,8
1273,2014-08-14 01:00:00,12.5,1,8
1274,2014-08-14 02:00:00,13.5,2,8
1275,2014-08-14 03:00:00,12.75,3,8
1276,2014-08-14 04:00:00,13.0,4,8
1277,2014-08-14 05:00:00,12.0,5,8
1278,2014-08-14 06:00:00,12.25,6,8
1279,2014-08-14 07:00:00,9.5,7,8
1280,2014-08-14 08:00:00,9.25,8,8
1281,2014-08-14 09:00:00,10.25,9,8
1282,2014-08-14 10:00:00,9.5,10,8
1283,2014-08-14 11:00:00,11.25,11,8
1284,2014-08-14 12:00:00,10.25,12,8
1285,2014-08-14 13:00:00,12.0,13,8
1286,2014-08-14 14:00:00,11.5,14,8
1287,2014-08-14 15:00:00,13.0,15,8
1288,2014-08-14 16:00:00,13.0,16,8
1289,2014-08-14 17:00:00,13.25,17,8
1290,2014-08-14 18:00:00,13.25,18,8
1291,2014-08-14 19:00:00,13.0,19,8
1292,2014-08-14 20:00:00,12.75,20,8
1293,2014-08-14 21:00:00,10.25,21,8
1294,2014-08-14 22:00:00,10.25,22,8
1295,2014-08-14 23:00:00,10.5,23,8
1296,2014-08-15 00:00:00,10.25,0,8
1297,2014-08-15 01:00:00,10.25,1,8
1298,2014-08-15 02:00:00,10.5,2,8
1299,2014-08-15 03:00:00,11.0,3,8
1300,2014-08-15 04:00:00,10.5,4,8
1301,2014-08-15 05:00:00,9.75,5,8
1302,2014-08-15 06:00:00,9.0,6,8
1303,2014-08-15 07:00:00,9.25,7,8
1304,2014-08-15 08:00:00,10.0,8,8
1305,2014-08-15 09:00:00,9.0,9,8
1306,2014-08-15 10:00:00,9.5,10,8
1307,2014-08-15 11:00:00,9.75,11,8
1308,2014-08-15 12:00:00,9.0,12,8
1309,2014-08-15 13:00:00,9.25,13,8
1310,2014-08-15 14:00:00,11.25,14,8
1311,2014-08-15 15:00:00,11.25,15,8
1312,2014-08-15 16:00:00,11.5,16,8
1313,2014-08-15 17:00:00,12.25,17,8
1314,2014-08-15 18:00:00,11.75,18,8
1315,2014-08-15 19:00:00,11.0,19,8
1316,2014-08-15 20:00:00,11.25,20,8
1317,2014-08-15 21:00:00,11.75,21,8
1318,2014-08-15 22:00:00,11.25,22,8
1319,2014-08-15 23:00:00,11.25,23,8
1320,2014-08-18 00:00:00,10.0,0,8
1321,2014-08-18 01:00:00,10.0,1,8
1322,2014-08-18 02:00:00,10.5,2,8
1323,2014-08-18 03:00:00,9.75,3,8
1324,2014-08-18 04:00:00,11.0,4,8
1325,2014-08-18 05:00:00,10.25,5,8
1326,2014-08-18 06:00:00,9.0,6,8
1327,2014-08-18 07:00:00,10.25,7,8
1328,2014-08-18 08:00:00,9.0,8,8
1329,2014-08-18 09:00:00,9.0,9,8
1330,2014-08-18 10:00:00,9.5,10,8
1331,2014-08-18 11:00:00,9.25,11,8
1332,2014-08-18 12:00:00,8.5,12,8
1333,2014-08-18 13:00:00,10.0,13,8
1334,2014-08-18 14:00:00,12.5,14,8
1335,2014-08-18 15:00:00,13.75,15,8
1336,2014-08-18 16:00:00,14.0,16,8
1337,2014-08-18 17:00:00,14.25,17,8
1338,2014-08-18 18:00:00,13.75,18,8
1339,2014-08-18 19:00:00,13.25,19,8
1340,2014-08-18 20:00:00,12.25,20,8
1341,2014-08-18 21:00:00,13.0,21,8
1342,2014-08-18 22:00:00,11.0,22,8
1343,2014-08-18 23:00:00,11.0,23,8
1344,2014-08-19 00:00:00,10.0,0,8
1345,2014-08-19 01:00:00,9.75,1,8
1346,2014-08-19 02:00:00,10.5,2,8
1347,2014-08-19 03:00:00,11.25,3,8
1348,2014-08-19 04:00:00,10.5,4,8
1349,2014-08-19 05:00:00,10.25,5,8
1350,2014-08-19 06:00:00,9.25,6,8
1351,2014-08-19 07:00:00,9.75,7,8
1352,2014-08-19 08:00:00,9.25,8,8
1353,2014-08-19 09:00:00,9.25,9,8
1354,2014-08-19 10:00:00,9.5,10,8
1355,2014-08-19 11:00:00,9.75,11,8
1356,2014-08-19 12:00:00,8.5,12,8
1357,2014-08-19 13:00:00,9.5,13,8
1358,2014-08-19 14:00:00,10.75,14,8
1359,2014-08-19 15:00:00,10.5,15,8
1360,2014-08-19 16:00:00,10.5,16,8
1361,2014-08-19 17:00:00,11.75,17,8
1362,2014-08-19 18:00:00,11.5,18,8
1363,2014-08-19 19:00:00,11.25,19,8
1364,2014-08-19 20:00:00,10.5,20,8
1365,2014-08-19 21:00:00,10.25,21,8
1366,2014-08-19 22:00:00,11.0,22,8
1367,2014-08-19 23:00:00,10.75,23,8
1368,2014-08-20 00:00:00,10.25,0,8
1369,2014-08-20 01:00:00,10.75,1,8
1370,2014-08-20 02:00:00,10.75,2,8
1371,2014-08-20 03:00:00,10.75,3,8
1372,2014-08-20 04:00:00,11.25,4,8
1373,2014-08-20 05:00:00,10.25,5,8
1374,2014-08-20 06:00:00,9.5,6,8
1375,2014-08-20 07:00:00,9.25,7,8
1376,2014-08-20 08:00:00,9.75,8,8
1377,2014-08-20 09:00:00,10.25,9,8
1378,2014-08-20 10:00:00,10.0,10,8
1379,2014-08-20 11:00:00,10.0,11,8
1380,2014-08-20 12:00:00,10.0,12,8
1381,2014-08-20 13:00:00,9.75,13,8
1382,2014-08-20 14:00:00,10.25,14,8
1383,2014-08-20 15:00:00,10.25,15,8
1384,2014-08-20 16:00:00,10.75,16,8
1385,2014-08-20 17:00:00,10.75,17,8
1386,2014-08-20 18:00:00,11.0,18,8
1387,2014-08-20 19:00:00,11.25,19,8
1388,2014-08-20 20:00:00,10.0,20,8
1389,2014-08-20 21:00:00,10.25,21,8
1390,2014-08-20 22:00:00,10.0,22,8
1391,2014-08-20 23:00:00,9.75,23,8
1392,2014-08-21 00:00:00,9.5,0,8
1393,2014-08-21 01:00:00,9.5,1,8
1394,2014-08-21 02:00:00,10.0,2,8
1395,2014-08-21 03:00:00,10.25,3,8
1396,2014-08-21 04:00:00,10.25,4,8
1397,2014-08-21 05:00:00,9.75,5,8
1398,2014-08-21 06:00:00,9.0,6,8
1399,2014-08-21 07:00:00,9.5,7,8
1400,2014-08-21 08:00:00,9.5,8,8
1401,2014-08-21 09:00:00,9.0,9,8
1402,2014-08-21 10:00:00,9.5,10,8
1403,2014-08-21 11:00:00,10.0,11,8
1404,2014-08-21 12:00:00,9.0,12,8
1405,2014-08-21 13:00:00,9.5,13,8
1406,2014-08-21 14:00:00,9.25,14,8
1407,2014-08-21 15:00:00,9.25,15,8
1408,2014-08-21 16:00:00,9.25,16,8
1409,2014-08-21 17:00:00,10.5,17,8
1410,2014-08-21 18:00:00,11.0,18,8
1411,2014-08-21 19:00:00,15.0,19,8
1412,2014-08-21 20:00:00,14.875,20,8
1413,2014-08-21 21:00:00,14.75,21,8
1414,2014-08-21 22:00:00,15.25,22,8
1415,2014-08-21 23:00:00,14.75,23,8
1416,2014-08-22 00:00:00,14.0,0,8
1417,2014-08-22 01:00:00,14.75,1,8
1418,2014-08-22 02:00:00,14.5,2,8
1419,2014-08-22 03:00:00,15.0,3,8
1420,2014-08-22 04:00:00,14.5,4,8
1421,2014-08-22 05:00:00,14.5,5,8
1422,2014-08-22 06:00:00,13.5,6,8
1423,2014-08-22 07:00:00,14.0,7,8
1424,2014-08-22 08:00:00,14.25,8,8
1425,2014-08-22 09:00:00,14.5,9,8
1426,2014-08-22 10:00:00,14.0,10,8
1427,2014-08-22 11:00:00,14.0,11,8
1428,2014-08-22 12:00:00,13.25,12,8
1429,2014-08-22 13:00:00,13.5,13,8
1430,2014-08-22 14:00:00,13.75,14,8
1431,2014-08-22 15:00:00,14.5,15,8
1432,2014-08-22 16:00:00,15.0,16,8
1433,2014-08-22 17:00:00,15.0,17,8
1434,2014-08-22 18:00:00,14.0,18,8
1435,2014-08-22 19:00:00,13.75,19,8
1436,2014-08-22 20:00:00,13.5,20,8
1437,2014-08-22 21:00:00,13.75,21,8
1438,2014-08-22 22:00:00,14.0,22,8
1439,2014-08-22 23:00:00,14.0,23,8
1440,2014-08-25 00:00:00,14.0,0,8
1441,2014-08-25 01:00:00,14.0,1,8
1442,2014-08-25 02:00:00,14.25,2,8
1443,2014-08-25 03:00:00,13.5,3,8
1444,2014-08-25 04:00:00,14.75,4,8
1445,2014-08-25 05:00:00,10.5,5,8
1446,2014-08-25 06:00:00,9.25,6,8
1447,2014-08-25 07:00:00,8.75,7,8
1448,2014-08-25 08:00:00,9.25,8,8
1449,2014-08-25 09:00:00,9.0,9,8
1450,2014-08-25 10:00:00,9.5,10,8
1451,2014-08-25 11:00:00,10.0,11,8
1452,2014-08-25 12:00:00,8.75,12,8
1453,2014-08-25 13:00:00,9.0,13,8
1454,2014-08-25 14:00:00,9.25,14,8
1455,2014-08-25 15:00:00,9.25,15,8
1456,2014-08-25 16:00:00,10.5,16,8
1457,2014-08-25 17:00:00,10.25,17,8
1458,2014-08-25 18:00:00,9.75,18,8
1459,2014-08-25 19:00:00,9.25,19,8
1460,2014-08-25 20:00:00,11.0,20,8
1461,2014-08-25 21:00:00,10.0,21,8
1462,2014-08-25 22:00:00,9.5,22,8
1463,2014-08-25 23:00:00,9.25,23,8
1464,2014-08-26 00:00:00,9.75,0,8
1465,2014-08-26 01:00:00,9.75,1,8
1466,2014-08-26 02:00:00,10.0,2,8
1467,2014-08-26 03:00:00,9.5,3,8
1468,2014-08-26 04:00:00,9.75,4,8
1469,2014-08-26 05:00:00,9.5,5,8
1470,2014-08-26 06:00:00,9.75,6,8
1471,2014-08-26 07:00:00,9.25,7,8
1472,2014-08-26 08:00:00,10.0,8,8
1473,2014-08-26 09:00:00,9.75,9,8
1474,2014-08-26 10:00:00,9.5,10,8
1475,2014-08-26 11:00:00,9.5,11,8
1476,2014-08-26 12:00:00,8.75,12,8
1477,2014-08-26 13:00:00,9.75,13,8
1478,2014-08-26 14:00:00,10.5,14,8
1479,2014-08-26 15:00:00,10.25,15,8
1480,2014-08-26 16:00:00,9.5,16,8
1481,2014-08-26 17:00:00,11.0,17,8
1482,2014-08-26 18:00:00,10.0,18,8
1483,2014-08-26 19:00:00,10.75,19,8
1484,2014-08-26 20:00:00,9.25,20,8
1485,2014-08-26 21:00:00,9.0,21,8
1486,2014-08-26 22:00:00,9.0,22,8
1487,2014-08-26 23:00:00,10.25,23,8
1488,2014-08-27 00:00:00,8.75,0,8
1489,2014-08-27 01:00:00,10.0,1,8
1490,2014-08-27 02:00:00,10.5,2,8
1491,2014-08-27 03:00:00,10.0,3,8
1492,2014-08-27 04:00:00,10.0,4,8
1493,2014-08-27 05:00:00,10.0,5,8
1494,2014-08-27 06:00:00,9.0,6,8
1495,2014-08-27 07:00:00,9.25,7,8
1496,2014-08-27 08:00:00,9.75,8,8
1497,2014-08-27 09:00:00,9.75,9,8
1498,2014-08-27 10:00:00,9.25,10,8
1499,2014-08-27 11:00:00,9.75,11,8
1500,2014-08-27 12:00:00,8.75,12,8
1501,2014-08-27 13:00:00,9.25,13,8
1502,2014-08-27 14:00:00,10.0,14,8
1503,2014-08-27 15:00:00,9.75,15,8
1504,2014-08-27 16:00:00,11.0,16,8
1505,2014-08-27 17:00:00,12.75,17,8
1506,2014-08-27 18:00:00,9.5,18,8
1507,2014-08-27 19:00:00,9.0,19,8
1508,2014-08-27 20:00:00,9.5,20,8
1509,2014-08-27 21:00:00,9.75,21,8
1510,2014-08-27 22:00:00,9.75,22,8
1511,2014-08-27 23:00:00,10.0,23,8
1512,2014-08-28 00:00:00,9.5,0,8
1513,2014-08-28 01:00:00,10.25,1,8
1514,2014-08-28 02:00:00,11.0,2,8
1515,2014-08-28 03:00:00,9.5,3,8
1516,2014-08-28 04:00:00,9.75,4,8
1517,2014-08-28 05:00:00,10.25,5,8
1518,2014-08-28 06:00:00,10.0,6,8
1519,2014-08-28 07:00:00,9.0,7,8
1520,2014-08-28 08:00:00,9.0,8,8
1521,2014-08-28 09:00:00,10.0,9,8
1522,2014-08-28 10:00:00,9.0,10,8
1523,2014-08-28 11:00:00,9.75,11,8
1524,2014-08-28 12:00:00,8.0,12,8
1525,2014-08-28 13:00:00,9.25,13,8
1526,2014-08-28 14:00:00,9.0,14,8
1527,2014-08-28 15:00:00,9.75,15,8
1528,2014-08-28 16:00:00,9.75,16,8
1529,2014-08-28 17:00:00,10.25,17,8
1530,2014-08-28 18:00:00,10.25,18,8
1531,2014-08-28 19:00:00,10.0,19,8
1532,2014-08-28 20:00:00,10.0,20,8
1533,2014-08-28 21:00:00,9.5,21,8
1534,2014-08-28 22:00:00,9.5,22,8
1535,2014-08-28 23:00:00,10.0,23,8
1536,2014-08-29 00:00:00,10.25,0,8
1537,2014-08-29 01:00:00,10.0,1,8
1538,2014-08-29 02:00:00,9.75,2,8
1539,2014-08-29 03:00:00,10.0,3,8
1540,2014-08-29 04:00:00,11.0,4,8
1541,2014-08-29 05:00:00,10.0,5,8
1542,2014-08-29 06:00:00,9.75,6,8
1543,2014-08-29 07:00:00,9.25,7,8
1544,2014-08-29 08:00:00,9.25,8,8
1545,2014-08-29 09:00:00,9.75,9,8
1546,2014-08-29 10:00:00,9.5,10,8
1547,2014-08-29 11:00:00,10.0,11,8
1548,2014-08-29 12:00:00,9.25,12,8
1549,2014-08-29 13:00:00,9.0,13,8
1550,2014-08-29 14:00:00,9.25,14,8
1551,2014-08-29 15:00:00,9.5,15,8
1552,2014-08-29 16:00:00,9.25,16,8
1553,2014-08-29 17:00:00,10.0,17,8
1554,2014-08-29 18:00:00,12.5,18,8
1555,2014-08-29 19:00:00,13.25,19,8
1556,2014-08-29 20:00:00,12.5,20,8
1557,2014-08-29 21:00:00,9.25,21,8
1558,2014-08-29 22:00:00,9.0,22,8
1559,2014-08-29 23:00:00,9.25,23,8
1560,2014-09-01 00:00:00,8.75,0,9
1561,2014-09-01 01:00:00,9.25,1,9
1562,2014-09-01 02:00:00,10.5,2,9
1563,2014-09-01 03:00:00,9.0,3,9
1564,2014-09-01 04:00:00,10.0,4,9
1565,2014-09-01 05:00:00,9.5,5,9
1566,2014-09-01 06:00:00,8.5,6,9
1567,2014-09-01 07:00:00,8.25,7,9
1568,2014-09-01 08:00:00,9.0,8,9
1569,2014-09-01 09:00:00,9.75,9,9
1570,2014-09-01 10:00:00,9.0,10,9
1571,2014-09-01 11:00:00,8.75,11,9
1572,2014-09-01 12:00:00,8.5,12,9
1573,2014-09-01 13:00:00,9.0,13,9
1574,2014-09-01 14:00:00,8.75,14,9
1575,2014-09-01 15:00:00,9.0,15,9
1576,2014-09-01 16:00:00,11.0,16,9
1577,2014-09-01 17:00:00,9.5,17,9
1578,2014-09-01 18:00:00,9.25,18,9
1579,2014-09-01 19:00:00,9.25,19,9
1580,2014-09-01 20:00:00,9.0,20,9
1581,2014-09-01 21:00:00,9.25,21,9
1582,2014-09-01 22:00:00,10.25,22,9
1583,2014-09-01 23:00:00,9.75,23,9
1584,2014-09-02 00:00:00,9.5,0,9
1585,2014-09-02 01:00:00,9.5,1,9
1586,2014-09-02 02:00:00,9.75,2,9
1587,2014-09-02 03:00:00,9.25,3,9
1588,2014-09-02 04:00:00,9.5,4,9
1589,2014-09-02 05:00:00,9.5,5,9
1590,2014-09-02 06:00:00,9.0,6,9
1591,2014-09-02 07:00:00,9.5,7,9
1592,2014-09-02 08:00:00,9.0,8,9
1593,2014-09-02 09:00:00,9.25,9,9
1594,2014-09-02 10:00:00,9.25,10,9
1595,2014-09-02 11:00:00,9.25,11,9
1596,2014-09-02 12:00:00,8.5,12,9
1597,2014-09-02 13:00:00,8.75,13,9
1598,2014-09-02 14:00:00,9.0,14,9
1599,2014-09-02 15:00:00,9.5,15,9
1600,2014-09-02 16:00:00,9.5,16,9
1601,2014-09-02 17:00:00,10.25,17,9
1602,2014-09-02 18:00:00,11.25,18,9
1603,2014-09-02 19:00:00,11.5,19,9
1604,2014-09-02 20:00:00,11.5,20,9
1605,2014-09-02 21:00:00,11.25,21,9
1606,2014-09-02 22:00:00,9.75,22,9
1607,2014-09-02 23:00:00,9.0,23,9
1608,2014-09-03 00:00:00,8.5,0,9
1609,2014-09-03 01:00:00,9.5,1,9
1610,2014-09-03 02:00:00,9.75,2,9
1611,2014-09-03 03:00:00,9.75,3,9
1612,2014-09-03 04:00:00,9.5,4,9
1613,2014-09-03 05:00:00,9.25,5,9
1614,2014-09-03 06:00:00,8.75,6,9
1615,2014-09-03 07:00:00,9.0,7,9
1616,2014-09-03 08:00:00,9.25,8,9
1617,2014-09-03 09:00:00,8.5,9,9
1618,2014-09-03 10:00:00,8.25,10,9
1619,2014-09-03 11:00:00,8.75,11,9
1620,2014-09-03 12:00:00,8.5,12,9
1621,2014-09-03 13:00:00,8.75,13,9
1622,2014-09-03 14:00:00,8.75,14,9
1623,2014-09-03 15:00:00,8.75,15,9
1624,2014-09-03 16:00:00,10.0,16,9
1625,2014-09-03 17:00:00,10.0,17,9
1626,2014-09-03 18:00:00,9.75,18,9
1627,2014-09-03 19:00:00,9.0,19,9
1628,2014-09-03 20:00:00,9.0,20,9
1629,2014-09-03 21:00:00,10.0,21,9
1630,2014-09-03 22:00:00,9.0,22,9
1631,2014-09-03 23:00:00,8.75,23,9
1632,2014-09-04 00:00:00,9.75,0,9
1633,2014-09-04 01:00:00,9.25,1,9
1634,2014-09-04 02:00:00,9.25,2,9
1635,2014-09-04 03:00:00,9.25,3,9
1636,2014-09-04 04:00:00,9.25,4,9
1637,2014-09-04 05:00:00,9.5,5,9
1638,2014-09-04 06:00:00,9.25,6,9
1639,2014-09-04 07:00:00,9.0,7,9
1640,2014-09-04 08:00:00,8.75,8,9
1641,2014-09-04 09:00:00,8.75,9,9
1642,2014-09-04 10:00:00,9.75,10,9
1643,2014-09-04 11:00:00,9.5,11,9
1644,2014-09-04 12:00:00,8.5,12,9
1645,2014-09-04 13:00:00,8.5,13,9
1646,2014-09-04 14:00:00,9.75,14,9
1647,2014-09-04 15:00:00,10.0,15,9
1648,2014-09-04 16:00:00,9.0,16,9
1649,2014-09-04 17:00:00,9.25,17,9
1650,2014-09-04 18:00:00,10.25,18,9
1651,2014-09-04 19:00:00,10.5,19,9
1652,2014-09-04 20:00:00,13.25,20,9
1653,2014-09-04 21:00:00,14.0,21,9
1654,2014-09-04 22:00:00,12.5,22,9
1655,2014-09-04 23:00:00,9.5,23,9
1656,2014-09-05 00:00:00,9.75,0,9
1657,2014-09-05 01:00:00,9.75,1,9
1658,2014-09-05 02:00:00,9.5,2,9
1659,2014-09-05 03:00:00,9.25,3,9
1660,2014-09-05 04:00:00,10.0,4,9
1661,2014-09-05 05:00:00,9.75,5,9
1662,2014-09-05 06:00:00,9.0,6,9
1663,2014-09-05 07:00:00,8.75,7,9
1664,2014-09-05 08:00:00,9.0,8,9
1665,2014-09-05 09:00:00,9.0,9,9
1666,2014-09-05 10:00:00,9.75,10,9
1667,2014-09-05 11:00:00,9.75,11,9
1668,2014-09-05 12:00:00,8.5,12,9
1669,2014-09-05 13:00:00,8.75,13,9
1670,2014-09-05 14:00:00,9.5,14,9
1671,2014-09-05 15:00:00,9.0,15,9
1672,2014-09-05 16:00:00,9.75,16,9
1673,2014-09-05 17:00:00,10.0,17,9
1674,2014-09-05 18:00:00,9.75,18,9
1675,2014-09-05 19:00:00,13.75,19,9
1676,2014-09-05 20:00:00,10.5,20,9
1677,2014-09-05 21:00:00,9.75,21,9
1678,2014-09-05 22:00:00,9.5,22,9
1679,2014-09-05 23:00:00,10.0,23,9
1680,2014-09-08 00:00:00,9.75,0,9
1681,2014-09-08 01:00:00,9.25,1,9
1682,2014-09-08 02:00:00,9.25,2,9
1683,2014-09-08 03:00:00,10.25,3,9
1684,2014-09-08 04:00:00,10.25,4,9
1685,2014-09-08 05:00:00,9.5,5,9
1686,2014-09-08 06:00:00,9.75,6,9
1687,2014-09-08 07:00:00,9.25,7,9
1688,2014-09-08 08:00:00,9.25,8,9
1689,2014-09-08 09:00:00,9.25,9,9
1690,2014-09-08 10:00:00,9.75,10,9
1691,2014-09-08 11:00:00,9.5,11,9
1692,2014-09-08 12:00:00,9.25,12,9
1693,2014-09-08 13:00:00,9.5,13,9
1694,2014-09-08 14:00:00,9.5,14,9
1695,2014-09-08 15:00:00,9.0,15,9
1696,2014-09-08 16:00:00,9.5,16,9
1697,2014-09-08 17:00:00,10.0,17,9
1698,2014-09-08 18:00:00,10.0,18,9
1699,2014-09-08 19:00:00,9.75,19,9
1700,2014-09-08 20:00:00,10.25,20,9
1701,2014-09-08 21:00:00,10.5,21,9
1702,2014-09-08 22:00:00,10.25,22,9
1703,2014-09-08 23:00:00,9.25,23,9
1704,2014-09-09 00:00:00,8.75,0,9
1705,2014-09-09 01:00:00,9.75,1,9
1706,2014-09-09 02:00:00,10.25,2,9
1707,2014-09-09 03:00:00,9.25,3,9
1708,2014-09-09 04:00:00,9.75,4,9
1709,2014-09-09 05:00:00,9.25,5,9
1710,2014-09-09 06:00:00,9.75,6,9
1711,2014-09-09 07:00:00,9.75,7,9
1712,2014-09-09 08:00:00,9.75,8,9
1713,2014-09-09 09:00:00,9.25,9,9
1714,2014-09-09 10:00:00,9.0,10,9
1715,2014-09-09 11:00:00,9.25,11,9
1716,2014-09-09 12:00:00,9.0,12,9
1717,2014-09-09 13:00:00,9.25,13,9
1718,2014-09-09 14:00:00,11.25,14,9
1719,2014-09-09 15:00:00,11.75,15,9
1720,2014-09-09 16:00:00,12.0,16,9
1721,2014-09-09 17:00:00,12.5,17,9
1722,2014-09-09 18:00:00,11.75,18,9
1723,2014-09-09 19:00:00,12.5,19,9
1724,2014-09-09 20:00:00,12.75,20,9
1725,2014-09-09 21:00:00,12.0,21,9
1726,2014-09-09 22:00:00,11.0,22,9
1727,2014-09-09 23:00:00,10.25,23,9
1728,2014-09-10 00:00:00,9.75,0,9
1729,2014-09-10 01:00:00,10.5,1,9
1730,2014-09-10 02:00:00,9.5,2,9
1731,2014-09-10 03:00:00,10.25,3,9
1732,2014-09-10 04:00:00,9.25,4,9
1733,2014-09-10 05:00:00,10.0,5,9
1734,2014-09-10 06:00:00,9.25,6,9
1735,2014-09-10 07:00:00,9.25,7,9
1736,2014-09-10 08:00:00,9.75,8,9
1737,2014-09-10 09:00:00,9.25,9,9
1738,2014-09-10 10:00:00,9.25,10,9
1739,2014-09-10 11:00:00,9.75,11,9
1740,2014-09-10 12:00:00,9.25,12,9
1741,2014-09-10 13:00:00,11.0,13,9
1742,2014-09-10 14:00:00,11.5,14,9
1743,2014-09-10 15:00:00,12.25,15,9
1744,2014-09-10 16:00:00,13.25,16,9
1745,2014-09-10 17:00:00,13.75,17,9
1746,2014-09-10 18:00:00,13.25,18,9
1747,2014-09-10 19:00:00,14.0,19,9
1748,2014-09-10 20:00:00,13.75,20,9
1749,2014-09-10 21:00:00,13.75,21,9
1750,2014-09-10 22:00:00,10.25,22,9
1751,2014-09-10 23:00:00,9.75,23,9
1752,2014-09-11 00:00:00,9.5,0,9
1753,2014-09-11 01:00:00,9.75,1,9
1754,2014-09-11 02:00:00,9.75,2,9
1755,2014-09-11 03:00:00,9.5,3,9
1756,2014-09-11 04:00:00,10.25,4,9
1757,2014-09-11 05:00:00,9.5,5,9
1758,2014-09-11 06:00:00,9.5,6,9
1759,2014-09-11 07:00:00,9.75,7,9
1760,2014-09-11 08:00:00,9.0,8,9
1761,2014-09-11 09:00:00,9.0,9,9
1762,2014-09-11 10:00:00,10.0,10,9
1763,2014-09-11 11:00:00,9.75,11,9
1764,2014-09-11 12:00:00,9.25,12,9
1765,2014-09-11 13:00:00,10.25,13,9
1766,2014-09-11 14:00:00,12.25,14,9
1767,2014-09-11 15:00:00,12.5,15,9
1768,2014-09-11 16:00:00,14.0,16,9
1769,2014-09-11 17:00:00,13.0,17,9
1770,2014-09-11 18:00:00,12.0,18,9
1771,2014-09-11 19:00:00,12.75,19,9
1772,2014-09-11 20:00:00,11.0,20,9
1773,2014-09-11 21:00:00,9.5,21,9
1774,2014-09-11 22:00:00,9.0,22,9
1775,2014-09-11 23:00:00,9.75,23,9
1776,2014-09-12 00:00:00,9.25,0,9
1777,2014-09-12 01:00:00,9.75,1,9
1778,2014-09-12 02:00:00,9.5,2,9
1779,2014-09-12 03:00:00,9.25,3,9
1780,2014-09-12 04:00:00,11.0,4,9
1781,2014-09-12 05:00:00,9.25,5,9
1782,2014-09-12 06:00:00,9.5,6,9
1783,2014-09-12 07:00:00,9.5,7,9
1784,2014-09-12 08:00:00,9.25,8,9
1785,2014-09-12 09:00:00,9.0,9,9
1786,2014-09-12 10:00:00,9.25,10,9
1787,2014-09-12 11:00:00,9.75,11,9
1788,2014-09-12 12:00:00,8.75,12,9
1789,2014-09-12 13:00:00,9.25,13,9
1790,2014-09-12 14:00:00,9.25,14,9
1791,2014-09-12 15:00:00,9.25,15,9
1792,2014-09-12 16:00:00,9.75,16,9
1793,2014-09-12 17:00:00,11.5,17,9
1794,2014-09-12 18:00:00,9.5,18,9
1795,2014-09-12 19:00:00,9.75,19,9
1796,2014-09-12 20:00:00,10.75,20,9
1797,2014-09-12 21:00:00,10.25,21,9
1798,2014-09-12 22:00:00,9.0,22,9
1799,2014-09-12 23:00:00,9.0,23,9
1800,2014-09-15 00:00:00,9.25,0,9
1801,2014-09-15 01:00:00,9.75,1,9
1802,2014-09-15 02:00:00,9.25,2,9
1803,2014-09-15 03:00:00,9.5,3,9
1804,2014-09-15 04:00:00,9.75,4,9
1805,2014-09-15 05:00:00,9.75,5,9
1806,2014-09-15 06:00:00,8.75,6,9
1807,2014-09-15 07:00:00,9.0,7,9
1808,2014-09-15 08:00:00,8.75,8,9
1809,2014-09-15 09:00:00,9.0,9,9
1810,2014-09-15 10:00:00,9.25,10,9
1811,2014-09-15 11:00:00,9.25,11,9
1812,2014-09-15 12:00:00,8.5,12,9
1813,2014-09-15 13:00:00,9.0,13,9
1814,2014-09-15 14:00:00,8.75,14,9
1815,2014-09-15 15:00:00,9.25,15,9
1816,2014-09-15 16:00:00,9.25,16,9
1817,2014-09-15 17:00:00,9.25,17,9
1818,2014-09-15 18:00:00,9.5,18,9
1819,2014-09-15 19:00:00,9.25,19,9
1820,2014-09-15 20:00:00,9.5,20,9
1821,2014-09-15 21:00:00,9.25,21,9
1822,2014-09-15 22:00:00,9.75,22,9
1823,2014-09-15 23:00:00,9.0,23,9
1824,2014-09-16 00:00:00,9.5,0,9
1825,2014-09-16 01:00:00,9.25,1,9
1826,2014-09-16 02:00:00,9.25,2,9
1827,2014-09-16 03:00:00,10.5,3,9
1828,2014-09-16 04:00:00,9.25,4,9
1829,2014-09-16 05:00:00,9.5,5,9
1830,2014-09-16 06:00:00,8.75,6,9
1831,2014-09-16 07:00:00,9.25,7,9
1832,2014-09-16 08:00:00,8.75,8,9
1833,2014-09-16 09:00:00,9.25,9,9
1834,2014-09-16 10:00:00,10.0,10,9
1835,2014-09-16 11:00:00,9.75,11,9
1836,2014-09-16 12:00:00,8.25,12,9
1837,2014-09-16 13:00:00,9.25,13,9
1838,2014-09-16 14:00:00,11.25,14,9
1839,2014-09-16 15:00:00,12.5,15,9
1840,2014-09-16 16:00:00,13.25,16,9
1841,2014-09-16 17:00:00,9.75,17,9
1842,2014-09-16 18:00:00,9.25,18,9
1843,2014-09-16 19:00:00,9.0,19,9
1844,2014-09-16 20:00:00,9.5,20,9
1845,2014-09-16 21:00:00,9.5,21,9
1846,2014-09-16 22:00:00,9.5,22,9
1847,2014-09-16 23:00:00,11.75,23,9
1848,2014-09-17 00:00:00,9.0,0,9
1849,2014-09-17 01:00:00,9.25,1,9
1850,2014-09-17 02:00:00,9.5,2,9
1851,2014-09-17 03:00:00,9.75,3,9
1852,2014-09-17 04:00:00,9.5,4,9
1853,2014-09-17 05:00:00,9.0,5,9
1854,2014-09-17 06:00:00,8.75,6,9
1855,2014-09-17 07:00:00,9.0,7,9
1856,2014-09-17 08:00:00,9.25,8,9
1857,2014-09-17 09:00:00,8.5,9,9
1858,2014-09-17 10:00:00,9.25,10,9
1859,2014-09-17 11:00:00,9.25,11,9
1860,2014-09-17 12:00:00,8.25,12,9
1861,2014-09-17 13:00:00,8.75,13,9
1862,2014-09-17 14:00:00,9.25,14,9
1863,2014-09-17 15:00:00,11.5,15,9
1864,2014-09-17 16:00:00,12.75,16,9
1865,2014-09-17 17:00:00,9.5,17,9
1866,2014-09-17 18:00:00,9.25,18,9
1867,2014-09-17 19:00:00,9.5,19,9
1868,2014-09-17 20:00:00,9.25,20,9
1869,2014-09-17 21:00:00,9.0,21,9
1870,2014-09-17 22:00:00,9.25,22,9
1871,2014-09-17 23:00:00,10.0,23,9
1872,2014-09-18 00:00:00,9.5,0,9
1873,2014-09-18 01:00:00,10.0,1,9
1874,2014-09-18 02:00:00,9.75,2,9
1875,2014-09-18 03:00:00,9.25,3,9
1876,2014-09-18 04:00:00,10.25,4,9
1877,2014-09-18 05:00:00,9.75,5,9
1878,2014-09-18 06:00:00,8.75,6,9
1879,2014-09-18 07:00:00,9.5,7,9
1880,2014-09-18 08:00:00,8.75,8,9
1881,2014-09-18 09:00:00,9.75,9,9
1882,2014-09-18 10:00:00,9.75,10,9
1883,2014-09-18 11:00:00,9.75,11,9
1884,2014-09-18 12:00:00,8.5,12,9
1885,2014-09-18 13:00:00,9.5,13,9
1886,2014-09-18 14:00:00,10.0,14,9
1887,2014-09-18 15:00:00,13.5,15,9
1888,2014-09-18 16:00:00,11.5,16,9
1889,2014-09-18 17:00:00,10.0,17,9
1890,2014-09-18 18:00:00,9.5,18,9
1891,2014-09-18 19:00:00,13.25,19,9
1892,2014-09-18 20:00:00,9.75,20,9
1893,2014-09-18 21:00:00,9.0,21,9
1894,2014-09-18 22:00:00,9.75,22,9
1895,2014-09-18 23:00:00,9.5,23,9
1896,2014-09-19 00:00:00,9.25,0,9
1897,2014-09-19 01:00:00,9.5,1,9
1898,2014-09-19 02:00:00,9.75,2,9
1899,2014-09-19 03:00:00,9.0,3,9
1900,2014-09-19 04:00:00,10.25,4,9
1901,2014-09-19 05:00:00,9.5,5,9
1902,2014-09-19 06:00:00,9.5,6,9
1903,2014-09-19 07:00:00,10.0,7,9
1904,2014-09-19 08:00:00,9.25,8,9
1905,2014-09-19 09:00:00,9.5,9,9
1906,2014-09-19 10:00:00,9.75,10,9
1907,2014-09-19 11:00:00,10.0,11,9
1908,2014-09-19 12:00:00,8.75,12,9
1909,2014-09-19 13:00:00,8.5,13,9
1910,2014-09-19 14:00:00,9.0,14,9
1911,2014-09-19 15:00:00,9.0,15,9
1912,2014-09-19 16:00:00,10.5,16,9
1913,2014-09-19 17:00:00,9.5,17,9
1914,2014-09-19 18:00:00,9.5,18,9
1915,2014-09-19 19:00:00,9.5,19,9
1916,2014-09-19 20:00:00,9.0,20,9
1917,2014-09-19 21:00:00,9.75,21,9
1918,2014-09-19 22:00:00,8.75,22,9
1919,2014-09-19 23:00:00,8.5,23,9
1920,2014-09-22 00:00:00,9.5,0,9
1921,2014-09-22 01:00:00,9.5,1,9
1922,2014-09-22 02:00:00,10.0,2,9
1923,2014-09-22 03:00:00,9.75,3,9
1924,2014-09-22 04:00:00,9.5,4,9
1925,2014-09-22 05:00:00,9.25,5,9
1926,2014-09-22 06:00:00,8.25,6,9
1927,2014-09-22 07:00:00,8.75,7,9
1928,2014-09-22 08:00:00,8.75,8,9
1929,2014-09-22 09:00:00,8.75,9,9
1930,2014-09-22 10:00:00,9.25,10,9
1931,2014-09-22 11:00:00,9.0,11,9
1932,2014-09-22 12:00:00,8.75,12,9
1933,2014-09-22 13:00:00,8.5,13,9
1934,2014-09-22 14:00:00,8.75,14,9
1935,2014-09-22 15:00:00,8.5,15,9
1936,2014-09-22 16:00:00,9.0,16,9
1937,2014-09-22 17:00:00,10.25,17,9
1938,2014-09-22 18:00:00,9.5,18,9
1939,2014-09-22 19:00:00,9.5,19,9
1940,2014-09-22 20:00:00,9.5,20,9
1941,2014-09-22 21:00:00,8.75,21,9
1942,2014-09-22 22:00:00,9.25,22,9
1943,2014-09-22 23:00:00,10.5,23,9
1944,2014-09-23 00:00:00,9.25,0,9
1945,2014-09-23 01:00:00,9.75,1,9
1946,2014-09-23 02:00:00,10.0,2,9
1947,2014-09-23 03:00:00,9.5,3,9
1948,2014-09-23 04:00:00,9.75,4,9
1949,2014-09-23 05:00:00,9.25,5,9
1950,2014-09-23 06:00:00,9.25,6,9
1951,2014-09-23 07:00:00,10.0,7,9
1952,2014-09-23 08:00:00,9.25,8,9
1953,2014-09-23 09:00:00,9.75,9,9
1954,2014-09-23 10:00:00,9.75,10,9
1955,2014-09-23 11:00:00,9.25,11,9
1956,2014-09-23 12:00:00,9.0,12,9
1957,2014-09-23 13:00:00,9.0,13,9
1958,2014-09-23 14:00:00,10.25,14,9
1959,2014-09-23 15:00:00,11.0,15,9
1960,2014-09-23 16:00:00,11.0,16,9
1961,2014-09-23 17:00:00,10.75,17,9
1962,2014-09-23 18:00:00,10.0,18,9
1963,2014-09-23 19:00:00,11.0,19,9
1964,2014-09-23 20:00:00,10.75,20,9
1965,2014-09-23 21:00:00,10.5,21,9
1966,2014-09-23 22:00:00,10.25,22,9
1967,2014-09-23 23:00:00,10.0,23,9
1968,2014-09-24 00:00:00,8.75,0,9
1969,2014-09-24 01:00:00,9.5,1,9
1970,2014-09-24 02:00:00,10.25,2,9
1971,2014-09-24 03:00:00,9.5,3,9
1972,2014-09-24 04:00:00,9.25,4,9
1973,2014-09-24 05:00:00,10.0,5,9
1974,2014-09-24 06:00:00,9.0,6,9
1975,2014-09-24 07:00:00,9.0,7,9
1976,2014-09-24 08:00:00,9.25,8,9
1977,2014-09-24 09:00:00,8.75,9,9
1978,2014-09-24 10:00:00,9.75,10,9
1979,2014-09-24 11:00:00,9.5,11,9
1980,2014-09-24 12:00:00,8.5,12,9
1981,2014-09-24 13:00:00,9.75,13,9
1982,2014-09-24 14:00:00,11.25,14,9
1983,2014-09-24 15:00:00,11.0,15,9
1984,2014-09-24 16:00:00,11.5,16,9
1985,2014-09-24 17:00:00,11.75,17,9
1986,2014-09-24 18:00:00,12.25,18,9
1987,2014-09-24 19:00:00,12.0,19,9
1988,2014-09-24 20:00:00,12.25,20,9
1989,2014-09-24 21:00:00,11.25,21,9
1990,2014-09-24 22:00:00,11.25,22,9
1991,2014-09-24 23:00:00,11.75,23,9
1992,2014-09-25 00:00:00,11.25,0,9
1993,2014-09-25 01:00:00,11.75,1,9
1994,2014-09-25 02:00:00,11.25,2,9
1995,2014-09-25 03:00:00,11.75,3,9
1996,2014-09-25 04:00:00,11.5,4,9
1997,2014-09-25 05:00:00,11.5,5,9
1998,2014-09-25 06:00:00,11.0,6,9
1999,2014-09-25 07:00:00,11.0,7,9
2000,2014-09-25 08:00:00,11.5,8,9
2001,2014-09-25 09:00:00,11.75,9,9
2002,2014-09-25 10:00:00,10.75,10,9
2003,2014-09-25 11:00:00,12.0,11,9
2004,2014-09-25 12:00:00,10.75,12,9
2005,2014-09-25 13:00:00,14.25,13,9
2006,2014-09-25 14:00:00,14.75,14,9
2007,2014-09-25 15:00:00,14.75,15,9
2008,2014-09-25 16:00:00,15.25,16,9
2009,2014-09-25 17:00:00,14.75,17,9
2010,2014-09-25 18:00:00,14.75,18,9
2011,2014-09-25 19:00:00,14.0,19,9
2012,2014-09-25 20:00:00,14.5,20,9
2013,2014-09-25 21:00:00,14.25,21,9
2014,2014-09-25 22:00:00,15.5,22,9
2015,2014-09-25 23:00:00,14.25,23,9
2016,2014-09-26 00:00:00,14.75,0,9
2017,2014-09-26 01:00:00,14.5,1,9
2018,2014-09-26 02:00:00,14.75,2,9
2019,2014-09-26 03:00:00,14.75,3,9
2020,2014-09-26 04:00:00,15.0,4,9
2021,2014-09-26 05:00:00,14.5,5,9
2022,2014-09-26 06:00:00,14.25,6,9
2023,2014-09-26 07:00:00,13.75,7,9
2024,2014-09-26 08:00:00,14.5,8,9
2025,2014-09-26 09:00:00,14.0,9,9
2026,2014-09-26 10:00:00,14.0,10,9
2027,2014-09-26 11:00:00,15.75,11,9
2028,2014-09-26 12:00:00,13.75,12,9
2029,2014-09-26 13:00:00,14.0,13,9
2030,2014-09-26 14:00:00,14.25,14,9
2031,2014-09-26 15:00:00,14.75,15,9
2032,2014-09-26 16:00:00,15.0,16,9
2033,2014-09-26 17:00:00,14.5,17,9
2034,2014-09-26 18:00:00,14.0,18,9
2035,2014-09-26 19:00:00,13.75,19,9
2036,2014-09-26 20:00:00,14.0,20,9
2037,2014-09-26 21:00:00,12.0,21,9
2038,2014-09-26 22:00:00,9.5,22,9
2039,2014-09-26 23:00:00,10.5,23,9
2040,2014-09-29 00:00:00,9.0,0,9
2041,2014-09-29 01:00:00,9.75,1,9
2042,2014-09-29 02:00:00,9.25,2,9
2043,2014-09-29 03:00:00,9.5,3,9
2044,2014-09-29 04:00:00,10.0,4,9
2045,2014-09-29 05:00:00,9.5,5,9
2046,2014-09-29 06:00:00,8.5,6,9
2047,2014-09-29 07:00:00,8.5,7,9
2048,2014-09-29 08:00:00,8.75,8,9
2049,2014-09-29 09:00:00,9.25,9,9
2050,2014-09-29 10:00:00,9.25,10,9
2051,2014-09-29 11:00:00,10.0,11,9
2052,2014-09-29 12:00:00,9.0,12,9
2053,2014-09-29 13:00:00,8.75,13,9
2054,2014-09-29 14:00:00,9.0,14,9
2055,2014-09-29 15:00:00,14.25,15,9
2056,2014-09-29 16:00:00,14.5,16,9
2057,2014-09-29 17:00:00,14.0,17,9
2058,2014-09-29 18:00:00,13.25,18,9
2059,2014-09-29 19:00:00,12.25,19,9
2060,2014-09-29 20:00:00,12.25,20,9
2061,2014-09-29 21:00:00,12.75,21,9
2062,2014-09-29 22:00:00,10.5,22,9
2063,2014-09-29 23:00:00,12.0,23,9
2064,2014-09-30 00:00:00,12.25,0,9
2065,2014-09-30 01:00:00,10.25,1,9
2066,2014-09-30 02:00:00,9.5,2,9
2067,2014-09-30 03:00:00,9.25,3,9
2068,2014-09-30 04:00:00,9.25,4,9
2069,2014-09-30 05:00:00,8.5,5,9
2070,2014-09-30 06:00:00,9.25,6,9
2071,2014-09-30 07:00:00,8.5,7,9
2072,2014-09-30 08:00:00,9.25,8,9
2073,2014-09-30 09:00:00,9.5,9,9
2074,2014-09-30 10:00:00,8.75,10,9
2075,2014-09-30 11:00:00,9.75,11,9
2076,2014-09-30 12:00:00,9.25,12,9
2077,2014-09-30 13:00:00,10.0,13,9
2078,2014-09-30 14:00:00,9.75,14,9
2079,2014-09-30 15:00:00,13.25,15,9
2080,2014-09-30 16:00:00,13.75,16,9
2081,2014-09-30 17:00:00,12.5,17,9
2082,2014-09-30 18:00:00,11.75,18,9
2083,2014-09-30 19:00:00,12.25,19,9
2084,2014-09-30 20:00:00,12.5,20,9
2085,2014-09-30 21:00:00,10.75,21,9
2086,2014-09-30 22:00:00,10.25,22,9
2087,2014-09-30 23:00:00,10.5,23,9
